"title","con_url","hit","rec"
"빌린이 사진 올려봐여 몇롤 찍었음","https://gall.dcinside.com/board/view/?id=superidea&no=208831&page=1","232","8"
"갈라진 얼음판 베이스 만들기","https://gall.dcinside.com/board/view/?id=superidea&no=208830&page=1","485","19"
"글랜 피딕 21년 시음기","https://gall.dcinside.com/board/view/?id=superidea&no=208829&page=1","499","19"
"기추는 고추요","https://gall.dcinside.com/board/view/?id=superidea&no=208828&page=1","354","14"
"늅뉴비 살면서 처음으로 사만 모델 샀습니다!","https://gall.dcinside.com/board/view/?id=superidea&no=208827&page=1","372","15"
"내가 먹을라고 만든 딸기케이크","https://gall.dcinside.com/board/view/?id=superidea&no=208826&page=1","493","15"
"어스라이즈 스타스크림 간단 포토리뷰","https://gall.dcinside.com/board/view/?id=superidea&no=208825&page=1","549","24"
"진돗개 2마리(남매) 시바견 1마리를 어제 분양 받은 견주입니다","https://gall.dcinside.com/board/view/?id=superidea&no=208824&page=1","432","20"
"이리와 셀프캠 루다.여름.gif","https://gall.dcinside.com/board/view/?id=superidea&no=208823&page=1","905","34"
"생일 아침","https://gall.dcinside.com/board/view/?id=superidea&no=208822&page=1","960","16"
"색다른 신발 리뷰: 사보 데드리프트 ""PRO""","https://gall.dcinside.com/board/view/?id=superidea&no=208821&page=1","886","31"
"예지, 리아: It'z me 개인티저 배경화면","https://gall.dcinside.com/board/view/?id=superidea&no=208820&page=1","404","23"
"야구팬으로써, 포켓몬 소실 트레이너들의 투구폼에 대한 고찰","https://gall.dcinside.com/board/view/?id=superidea&no=208819&page=1","2521","97"
"래블 떳다","https://gall.dcinside.com/board/view/?id=superidea&no=208818&page=1","703","12"
"UFC 250 헨리 세후도 vs 조제 알도","https://gall.dcinside.com/board/view/?id=superidea&no=208817&page=1","613","21"
"노량진 과잠바 만화(풍자)","https://gall.dcinside.com/board/view/?id=superidea&no=208816&page=1","2973","50"
"스탭 인별 종방연 사진 (뼈쌤이다ㅠㅠ)","https://gall.dcinside.com/board/view/?id=superidea&no=208815&page=1","1226","21"
"양으로 승부하는 박원장 막촬단체사진 업뎃ㅋㅋㅋ","https://gall.dcinside.com/board/view/?id=superidea&no=208814&page=1","1357","27"
"그가 돌아왔어","https://gall.dcinside.com/board/view/?id=superidea&no=208813&page=1","262","13"
"우리집 꾸꾸 보구갈사람","https://gall.dcinside.com/board/view/?id=superidea&no=208812&page=1","477","31"
"레벨쟝 25000키로 후기","https://gall.dcinside.com/board/view/?id=superidea&no=208811&page=1","409","8"
"이래서 기름 삼각편대 삼각편대 하는거야(씹팩트주의)","https://gall.dcinside.com/board/view/?id=superidea&no=208810&page=1","1618","85"
"오홍홍 z바디 s렌즈 좋와요~~~~","https://gall.dcinside.com/board/view/?id=superidea&no=208809&page=1","222","7"
"나의고양이 테레비뿌시고 반성하던 시절","https://gall.dcinside.com/board/view/?id=superidea&no=208808&page=1","1066","136"
"퍼리 대축제 갔다온 만화.manhwa","https://gall.dcinside.com/board/view/?id=superidea&no=208807&page=1","4156","135"
"낚시꾼 틀딱이 만들어 먹은거","https://gall.dcinside.com/board/view/?id=superidea&no=208806&page=1","1065","25"
"(스압)대구의 크래프트 펍들-2 엠버스펍","https://gall.dcinside.com/board/view/?id=superidea&no=208805&page=1","363","15"
"겜캐릭 그렸던것들 올려봄 10","https://gall.dcinside.com/board/view/?id=superidea&no=208804&page=1","14179","60"
"인스타) 채연이 헤어스타일 따라해본 오토하쟝","https://gall.dcinside.com/board/view/?id=superidea&no=208803&page=1","3465","111"
"디지안나맥 샘플공유로 돌아옴","https://gall.dcinside.com/board/view/?id=superidea&no=208802&page=1","1104","105"
"[WALLPAPER] 5장 골라서 올려보미다","https://gall.dcinside.com/board/view/?id=superidea&no=208801&page=1","204","8"
"임영웅 홍대 지하철 광고","https://gall.dcinside.com/board/view/?id=superidea&no=208800&page=1","2443","204"
"오늘의 진도예드","https://gall.dcinside.com/board/view/?id=superidea&no=208799&page=1","437","37"
"코로나로 피폐해진 우리를 치유하러 온 구원자 엉꿀엉꿀","https://gall.dcinside.com/board/view/?id=superidea&no=208798&page=1","846","112"
"[장편문학] 정령, 그리고 저주받은 힘(1편)","https://gall.dcinside.com/board/view/?id=superidea&no=208797&page=1","186","30"
"오늘 막돌이 두살됐다 생일 축하해주셈!!!!!","https://gall.dcinside.com/board/view/?id=superidea&no=208796&page=1","501","18"
"오늘 도착한 희귀 유고슬라비아 싱글 인증","https://gall.dcinside.com/board/view/?id=superidea&no=208795&page=1","156","11"
"코로나","https://gall.dcinside.com/board/view/?id=superidea&no=208794&page=1","229","11"
"[tips] 카린이를 위한 카즈야 상황별 콤보 및 팁?[용량주의]","https://gall.dcinside.com/board/view/?id=superidea&no=208793&page=1","850","16"
"요새 하우징 하는 사람이 부쩍 는거 같아서 하우징 버그 모음 올릴게","https://gall.dcinside.com/board/view/?id=superidea&no=208792&page=1","1104","14"
"약스압)) 최근 난리난 5살 줄넘기 신동 .jpg","https://gall.dcinside.com/board/view/?id=superidea&no=208791&page=1","3899","24"
"스압)손그림으로 bd커버 따라잡기 작업기","https://gall.dcinside.com/board/view/?id=superidea&no=208790&page=1","1444","23"
"일본 해수 바이오톱","https://gall.dcinside.com/board/view/?id=superidea&no=208789&page=1","2130","17"
"벨베데레 궁전 박물관입붕이도 구경해 (스압 장문 데이터주의)","https://gall.dcinside.com/board/view/?id=superidea&no=208788&page=1","479","9"
"고니기가 여행가서 찍은 풍경 사진들 (스압주의)","https://gall.dcinside.com/board/view/?id=superidea&no=208787&page=1","614","7"
"어제 찍은 장노출!","https://gall.dcinside.com/board/view/?id=superidea&no=208786&page=1","1581","6"
"심즈4 DLC로 코디한 맥매여심 - 포즈 스샷","https://gall.dcinside.com/board/view/?id=superidea&no=208785&page=1","2770","47"
"(뒷북) 장충 기름x현건 직관후기","https://gall.dcinside.com/board/view/?id=superidea&no=208784&page=1","1743","37"
"오늘 낙서.jpg","https://gall.dcinside.com/board/view/?id=superidea&no=208783&page=1","5883","78"
"우리집 하체마비강쥐 노는법","https://gall.dcinside.com/board/view/?id=superidea&no=208782&page=1","3000","66"
"킹 크룰 엘피 왔다","https://gall.dcinside.com/board/view/?id=superidea&no=208781&page=2","817","15"
"이찬원 이거 보고 더 좋아짐","https://gall.dcinside.com/board/view/?id=superidea&no=208780&page=2","9239","63"
"탁또) 엄마가 슈퍼 하는데","https://gall.dcinside.com/board/view/?id=superidea&no=208779&page=2","10491","119"
"[완성][AOS]카라드론 오버로드, 엔드린마스터 디지러블 슈츠","https://gall.dcinside.com/board/view/?id=superidea&no=208778&page=2","753","17"
"내비만 믿고 달리던 오돌이","https://gall.dcinside.com/board/view/?id=superidea&no=208777&page=2","5207","40"
"오늘은 엘리스가 데뷔한지 1000일이 되는날 입니다.","https://gall.dcinside.com/board/view/?id=superidea&no=208776&page=2","1294","45"
"생일이니까 딸기생크림케익","https://gall.dcinside.com/board/view/?id=superidea&no=208775&page=2","1772","29"
"꼴렸던 해밀턴 시계","https://gall.dcinside.com/board/view/?id=superidea&no=208774&page=2","2956","11"
"앵)오늘의 노랭이","https://gall.dcinside.com/board/view/?id=superidea&no=208773&page=2","1144","31"
"이시국식 채도 사진들","https://gall.dcinside.com/board/view/?id=superidea&no=208772&page=2","1150","19"
"오늘 이분 생일인데 념한자리 가능하냐 ㄹㅇ...??","https://gall.dcinside.com/board/view/?id=superidea&no=208771&page=2","6321","333"
"스압) 흘려보내는 1학년","https://gall.dcinside.com/board/view/?id=superidea&no=208770&page=2","1965","34"
"오랫만에 장비리뷰(뉴에이지 마우스피스)","https://gall.dcinside.com/board/view/?id=superidea&no=208769&page=2","1578","18"
"웹툰왕 -上-","https://gall.dcinside.com/board/view/?id=superidea&no=208768&page=2","5890","284"
"니모 확대한거 자랑한다","https://gall.dcinside.com/board/view/?id=superidea&no=208767&page=2","1764","44"
"Time to find out","https://gall.dcinside.com/board/view/?id=superidea&no=208766&page=2","1184","21"
"우리집 박새로이 feat.이태원 트젠집....","https://gall.dcinside.com/board/view/?id=superidea&no=208765&page=2","2650","170"
"(초단편) 고딩때 첫사랑 여자애 만화","https://gall.dcinside.com/board/view/?id=superidea&no=208764&page=2","4092","73"
"이 택배는 중국 상하이에서 시작되어","https://gall.dcinside.com/board/view/?id=superidea&no=208763&page=2","2071","14"
"하우스 해칭 근황","https://gall.dcinside.com/board/view/?id=superidea&no=208762&page=2","1617","21"
"용량주의)연예인 닮은 여자배구선수 모음.gif","https://gall.dcinside.com/board/view/?id=superidea&no=208761&page=2","2763","30"
"아리아나 그란데 뭐시기 커버 티저.gif","https://gall.dcinside.com/board/view/?id=superidea&no=208760&page=2","2334","21"
"캣츠 분장한 뿌까 누나","https://gall.dcinside.com/board/view/?id=superidea&no=208759&page=2","1534","20"
"영화 &quot;겨울왕국&quot; 시나리오 떴다...jpg","https://gall.dcinside.com/board/view/?id=superidea&no=208758&page=2","2965","153"
"레몬 마들렌을 만들어봄","https://gall.dcinside.com/board/view/?id=superidea&no=208757&page=2","1770","29"
"하늘이 맑았다.","https://gall.dcinside.com/board/view/?id=superidea&no=208756&page=2","785","18"
"교토 기타노텐만구","https://gall.dcinside.com/board/view/?id=superidea&no=208755&page=2","952","16"
"MG 구 하이뉴 복구, 고토부키야 MGS 4 프로펠런트 탱크 리뷰","https://gall.dcinside.com/board/view/?id=superidea&no=208754&page=2","626","8"
"최근 먹은것들","https://gall.dcinside.com/board/view/?id=superidea&no=208753&page=2","2421","35"
"오늘 산책 못해서 도히네가 데릴러 왓슴","https://gall.dcinside.com/board/view/?id=superidea&no=208752&page=2","1386","33"
"조빱찐따의 자가정비 -배선편-","https://gall.dcinside.com/board/view/?id=superidea&no=208751&page=2","1625","24"
"종방연 뉴짤","https://gall.dcinside.com/board/view/?id=superidea&no=208750&page=2","3828","32"
"싱글벙글 라이넬 약올리기.gif","https://gall.dcinside.com/board/view/?id=superidea&no=208749&page=2","4952","43"
"여친먹고싶대서 해준 콩불 이랑 버블티 ^~^☆","https://gall.dcinside.com/board/view/?id=superidea&no=208748&page=2","3380","42"
"문득 작년 방송이 떠오르네요..","https://gall.dcinside.com/board/view/?id=superidea&no=208747&page=2","5831","36"
"(고전명작) 둘미어: 헤비급 대모험 1-3 (完)","https://gall.dcinside.com/board/view/?id=superidea&no=208746&page=2","1430","36"
"자몽이 털 다이어트","https://gall.dcinside.com/board/view/?id=superidea&no=208745&page=2","6194","26"
"드노 엔딩 엑조디아 완성.gif","https://gall.dcinside.com/board/view/?id=superidea&no=208744&page=2","4142","30"
"마피가카 사진 여러장 찍었다.","https://gall.dcinside.com/board/view/?id=superidea&no=208743&page=2","2207","13"
"손 고자도 그릴수 있는 피카츄 강의","https://gall.dcinside.com/board/view/?id=superidea&no=208742&page=2","8323","79"
"에버글로우 by 신도림사장.jpg","https://gall.dcinside.com/board/view/?id=superidea&no=208741&page=2","13866","43"
"포갤대회 로고 제작과정.jpg","https://gall.dcinside.com/board/view/?id=superidea&no=208740&page=2","3502","48"
"뭐 몇놈이 계속 하고 싶은듯하니(feat. Boris Seiko)","https://gall.dcinside.com/board/view/?id=superidea&no=208739&page=2","2093","48"
"노바1492 현역유저가 정리해준다","https://gall.dcinside.com/board/view/?id=superidea&no=208738&page=2","20392","83"
"또봇 퀄 쥑이네","https://gall.dcinside.com/board/view/?id=superidea&no=208737&page=2","5327","78"
"방금 새로 뜬 비하인드 포토 1","https://gall.dcinside.com/board/view/?id=superidea&no=208736&page=2","2387","27"
"아 살찐거같다 ㅈ됬다...","https://gall.dcinside.com/board/view/?id=superidea&no=208735&page=2","7634","41"
"향수병에 빠진 아이 만화","https://gall.dcinside.com/board/view/?id=superidea&no=208734&page=2","4323","48"
"노바 개념글 지적의 지적.png","https://gall.dcinside.com/board/view/?id=superidea&no=208733&page=2","20768","48"
"나의 군대 이야기 (페렴 제보썰)","https://gall.dcinside.com/board/view/?id=superidea&no=208732&page=2","8252","211"
"동네삼촌 야식으로 부대찌개 먹고 왔습니다...","https://gall.dcinside.com/board/view/?id=superidea&no=208731&page=3","4214","39"
"14프갤시절 금손 근황","https://gall.dcinside.com/board/view/?id=superidea&no=208730&page=3","5551","115"
"영국에서 택배왔다","https://gall.dcinside.com/board/view/?id=superidea&no=208729&page=3","5178","30"
"글고보니 윈드블레이드 관련 상황도 돌아보면 참 웃기게 흘러가는게","https://gall.dcinside.com/board/view/?id=superidea&no=208728&page=3","1582","17"
"짤툰)심기를 건드린 안나.jpg","https://gall.dcinside.com/board/view/?id=superidea&no=208727&page=3","3572","88"
"황망한 햄스터","https://gall.dcinside.com/board/view/?id=superidea&no=208726&page=3","2645","40"
"웃는 김사부 .gif","https://gall.dcinside.com/board/view/?id=superidea&no=208725&page=3","2190","30"
"(금화조) 해치 왜이럼","https://gall.dcinside.com/board/view/?id=superidea&no=208724&page=3","1888","27"
"주말간 다이어트 중간결산 성공자축","https://gall.dcinside.com/board/view/?id=superidea&no=208723&page=3","2910","22"
"인어 스트랜딩 (상)","https://gall.dcinside.com/board/view/?id=superidea&no=208722&page=3","4441","215"
"1박2일 식빵만들기","https://gall.dcinside.com/board/view/?id=superidea&no=208721&page=3","17523","21"
"윾동 올림푸스 XA 장노출 찍어봄","https://gall.dcinside.com/board/view/?id=superidea&no=208720&page=3","1537","11"
"오늘오후","https://gall.dcinside.com/board/view/?id=superidea&no=208719&page=3","1367","30"
"짹펌)01즈 연합ㅋㅋㅋ","https://gall.dcinside.com/board/view/?id=superidea&no=208718&page=3","5599","217"
"ㅌㅇㄱㅁㅇ) 쓸 엽서이벤트 선물","https://gall.dcinside.com/board/view/?id=superidea&no=208717&page=3","3479","46"
"프갤 최장수 팬아트 공장장","https://gall.dcinside.com/board/view/?id=superidea&no=208716&page=3","3032","117"
"오완)아카데미 1/700 USS Enterprize","https://gall.dcinside.com/board/view/?id=superidea&no=208715&page=3","1494","14"
"비하인드 포토 2","https://gall.dcinside.com/board/view/?id=superidea&no=208714&page=3","1609","20"
"창의력 넘치는 미니어처 사진가 (디지털 주의)","https://gall.dcinside.com/board/view/?id=superidea&no=208713&page=3","1986","21"
"양혜선 변천사","https://gall.dcinside.com/board/view/?id=superidea&no=208712&page=3","4655","51"
"모동숲 마을 구상 템플릿 v0.1 (2020-02-24)","https://gall.dcinside.com/board/view/?id=superidea&no=208711&page=3","6113","81"
"호미는 아직도 삐져있다","https://gall.dcinside.com/board/view/?id=superidea&no=208710&page=3","10457","142"
"필린이 첫 자가현상! 네가티브 뽑아왔슴다","https://gall.dcinside.com/board/view/?id=superidea&no=208709&page=3","1239","9"
"살벌한 랜덤심 더 살벌하게 성형해줌 (혐주의)","https://gall.dcinside.com/board/view/?id=superidea&no=208708&page=3","2698","34"
"무화과 타르트 구웠다.","https://gall.dcinside.com/board/view/?id=superidea&no=208707&page=3","12035","36"
"입시계들이 부들대며 조용히 비추박는 시계","https://gall.dcinside.com/board/view/?id=superidea&no=208706&page=3","4722","24"
"우리집 강아지와의 관계회복좀 도와줘..","https://gall.dcinside.com/board/view/?id=superidea&no=208705&page=3","4017","42"
"약스압) 프린세스 메이커","https://gall.dcinside.com/board/view/?id=superidea&no=208704&page=3","3391","79"
"스압))오사카 신사이바시 포켓몬 센터 다녀옴","https://gall.dcinside.com/board/view/?id=superidea&no=208703&page=3","2385","26"
"[요청짤] 쌈풍당당 안무 모든 무대버전 종합.gif","https://gall.dcinside.com/board/view/?id=superidea&no=208702&page=3","3304","106"
"스압))당분간 못나가니까 오늘 실컷 놀다왔음","https://gall.dcinside.com/board/view/?id=superidea&no=208701&page=3","2818","45"
"폐차장 개와 고양이 ( 문신주의)","https://gall.dcinside.com/board/view/?id=superidea&no=208700&page=3","3319","84"
"[쇼유텔] ] 코스프레 절망편! 초초초초 저퀄 쥬래곤핏 만들기","https://gall.dcinside.com/board/view/?id=superidea&no=208699&page=3","1710","62"
"우진 은재 어떻게 보내?","https://gall.dcinside.com/board/view/?id=superidea&no=208698&page=3","2654","37"
"전형적인 마포 사진들","https://gall.dcinside.com/board/view/?id=superidea&no=208697&page=3","3063","18"
"영탁앰들이 탁옵 빨 수 있는 이유 정리해준다...fact","https://gall.dcinside.com/board/view/?id=superidea&no=208696&page=3","3674","100"
"이쯤되면 알아보는 라보코토리와 딴것 사이즈 비교","https://gall.dcinside.com/board/view/?id=superidea&no=208695&page=3","1953","20"
"오랫만에 모린이 그간의 작업들 (항모, 전함)","https://gall.dcinside.com/board/view/?id=superidea&no=208694&page=3","1446","11"
"파충류 좋아하는 여친 사귀면 일어나는 일","https://gall.dcinside.com/board/view/?id=superidea&no=208693&page=3","3813","26"
"10스압) 가전제품 사냥꾼","https://gall.dcinside.com/board/view/?id=superidea&no=208692&page=3","1616","26"
"옛날에 찍었던 갸구리 사진","https://gall.dcinside.com/board/view/?id=superidea&no=208691&page=3","1409","14"
"주간김민아 4호","https://gall.dcinside.com/board/view/?id=superidea&no=208690&page=3","11894","38"
"MEGAZORD 후기 (링크 수정)","https://gall.dcinside.com/board/view/?id=superidea&no=208689&page=3","1462","37"
"삿포로 사진 찍먹","https://gall.dcinside.com/board/view/?id=superidea&no=208688&page=3","1880","14"
"뭐? 국밥살돈이 자꾸 엎어져버린다고?","https://gall.dcinside.com/board/view/?id=superidea&no=208687&page=3","2104","15"
"상남자 컨셉으로 헌팅하는 만화","https://gall.dcinside.com/board/view/?id=superidea&no=208686&page=3","8677","59"
"강화도 바리 후기","https://gall.dcinside.com/board/view/?id=superidea&no=208685&page=3","1531","21"
"[5R 종료/현재까지 여배] 6개 지표 순위 (장문주의)","https://gall.dcinside.com/board/view/?id=superidea&no=208684&page=3","1649","33"
"이불빨래 했더니 괭이가 더좋아함","https://gall.dcinside.com/board/view/?id=superidea&no=208683&page=3","7350","106"
"일러스트)염버니 그리는법","https://gall.dcinside.com/board/view/?id=superidea&no=208682&page=3","3754","49"
"갑옷 수집! Ghost of a Tale 8화!","https://gall.dcinside.com/board/view/?id=superidea&no=208681&page=4","11260","17"
"TV조선 .... 방심의 대가 ㄹㅇ; ....jpg","https://gall.dcinside.com/board/view/?id=superidea&no=208680&page=4","54543","3643"
"여원장님,김사부,수쌤, 은탁쌤","https://gall.dcinside.com/board/view/?id=superidea&no=208679&page=4","1526","20"
"이찬원 보정짤 떴는데 완전 이쁘다","https://gall.dcinside.com/board/view/?id=superidea&no=208678&page=4","5055","83"
"리바이브 마크2 티탄즈 보고가","https://gall.dcinside.com/board/view/?id=superidea&no=208677&page=4","875","14"
"190801 MGMA 무대 채령 4p by ATTRACRYEONG","https://gall.dcinside.com/board/view/?id=superidea&no=208676&page=4","1373","24"
"뉴비의 치아바타","https://gall.dcinside.com/board/view/?id=superidea&no=208675&page=4","1501","16"
"오늘의 트포 구매","https://gall.dcinside.com/board/view/?id=superidea&no=208674&page=4","1734","13"
"코로그 900 다 모았다","https://gall.dcinside.com/board/view/?id=superidea&no=208673&page=4","4292","79"
"[리뷰] 튜더 블랙베이 크로노 스틸 vs 다크 (재업)","https://gall.dcinside.com/board/view/?id=superidea&no=208672&page=4","1319","14"
"번역) 철권 태그1 ost 코멘터리.","https://gall.dcinside.com/board/view/?id=superidea&no=208671&page=4","2552","34"
"또또 플라이트덱 데칼","https://gall.dcinside.com/board/view/?id=superidea&no=208670&page=4","701","9"
"마약 옥수수빵이라고 아심?","https://gall.dcinside.com/board/view/?id=superidea&no=208669&page=4","10474","26"
"금 카트리지에서 포켓몬 데리고오기.howto","https://gall.dcinside.com/board/view/?id=superidea&no=208668&page=4","3368","44"
"무릎의 주먹감자 ...gif","https://gall.dcinside.com/board/view/?id=superidea&no=208667&page=4","9586","72"
"필린이 장노출 도전!","https://gall.dcinside.com/board/view/?id=superidea&no=208666&page=4","1240","7"
"엘사","https://gall.dcinside.com/board/view/?id=superidea&no=208665&page=4","2611","82"
"폰카 별사진","https://gall.dcinside.com/board/view/?id=superidea&no=208664&page=4","2193","14"
"[민아누나 쾌유기원] 후드민아.gif","https://gall.dcinside.com/board/view/?id=superidea&no=208663&page=4","9204","20"
"소세지를 만들고 집들이를 가다","https://gall.dcinside.com/board/view/?id=superidea&no=208662&page=4","3747","86"
"다이소 거품기로 아이스 카페모카","https://gall.dcinside.com/board/view/?id=superidea&no=208661&page=4","1509","11"
"초동 3563xx장이 얼마나 되는 수치인지 알아보자.jpg","https://gall.dcinside.com/board/view/?id=superidea&no=208660&page=4","5137","229"
"뉴비의 기계교 첫 도색 입문기","https://gall.dcinside.com/board/view/?id=superidea&no=208659&page=4","1207","18"
"[포징] 마! 느그 건카타가 뭔줄 아나!","https://gall.dcinside.com/board/view/?id=superidea&no=208658&page=4","1846","10"
"월타)귀가조치 당할뻔한 페페코스러의 월타후기","https://gall.dcinside.com/board/view/?id=superidea&no=208657&page=4","2005","67"
"체급별 각각 역대최강인 타격가 딱 알려준다.","https://gall.dcinside.com/board/view/?id=superidea&no=208656&page=4","5981","52"
"3DS 구매 가이드","https://gall.dcinside.com/board/view/?id=superidea&no=208655&page=4","5753","32"
"넨도로이드 303 - 유키미쿠 딸기 백무구 Ver.","https://gall.dcinside.com/board/view/?id=superidea&no=208654&page=4","1469","17"
"인천 파라다이스시티 라스칼라 디너코스","https://gall.dcinside.com/board/view/?id=superidea&no=208653&page=4","2065","19"
"블랙버드와 괴수로 변신하는 트포","https://gall.dcinside.com/board/view/?id=superidea&no=208652&page=4","1126","39"
"이거 희재 맞지?","https://gall.dcinside.com/board/view/?id=superidea&no=208651&page=4","4723","45"
"국1힙애들이 ㄹㅇ 갱스턴데 뭘 모르시네","https://gall.dcinside.com/board/view/?id=superidea&no=208649&page=4","4523","32"
"오토바이 주차의 재미있는 사실","https://gall.dcinside.com/board/view/?id=superidea&no=208648&page=4","4683","38"
"기사스틸)김사부& 도인범& 서우진- 그나마 고화질","https://gall.dcinside.com/board/view/?id=superidea&no=208647&page=4","2188","26"
"퓨리가 오늘 많이 쓴 기술","https://gall.dcinside.com/board/view/?id=superidea&no=208645&page=4","2396","27"
"아카제 1/48 F-4C 완성","https://gall.dcinside.com/board/view/?id=superidea&no=208644&page=4","1564","18"
"오늘사진몇장","https://gall.dcinside.com/board/view/?id=superidea&no=208643&page=4","1758","27"
"패자전 미리보기","https://gall.dcinside.com/board/view/?id=superidea&no=208642&page=4","6582","277"
"헬블레이즈 렌서 도색해왔어 (마블링도색)","https://gall.dcinside.com/board/view/?id=superidea&no=208640&page=4","3591","36"
"직원들 탕수육해줌","https://gall.dcinside.com/board/view/?id=superidea&no=208638&page=4","36866","54"
"아침부터 알렉스 포징 함","https://gall.dcinside.com/board/view/?id=superidea&no=208636&page=4","1691","8"
"[웹 관리자 수진이] 32화","https://gall.dcinside.com/board/view/?id=superidea&no=208635&page=4","5138","45"
"카린이 출사 갔다온 글","https://gall.dcinside.com/board/view/?id=superidea&no=208634&page=4","1359","12"
"5달간의 스팀 닉네임 변경 이력(짤다수,장문)","https://gall.dcinside.com/board/view/?id=superidea&no=208633&page=4","5623","34"
"리로이 허밋자세에서 RK AP 대처방법.Tip","https://gall.dcinside.com/board/view/?id=superidea&no=208632&page=4","4291","73"
"우한폐렴맞이 수제손펌프 입갤 ㅋㅋㅋㅋㅋㅋㅋ","https://gall.dcinside.com/board/view/?id=superidea&no=208631&page=4","4549","44"
"에스프레소 추출 실험(데이터 주의)","https://gall.dcinside.com/board/view/?id=superidea&no=208630&page=4","2303","17"
"철기강 옵대장 리뷰 재업함(스압)","https://gall.dcinside.com/board/view/?id=superidea&no=208629&page=4","1154","15"
"PG 퍼팩락이 요상할수 밖에 없지","https://gall.dcinside.com/board/view/?id=superidea&no=208628&page=4","2989","36"
"직관후기다 개새끼들아","https://gall.dcinside.com/board/view/?id=superidea&no=208627&page=4","5807","114"
"SS 블리츠윙 전시 사진 더 보고 가쉴?","https://gall.dcinside.com/board/view/?id=superidea&no=208626&page=5","2168","14"
"sm플레이하다가 남친이 죽어버려서 수습하는 만화 7","https://gall.dcinside.com/board/view/?id=superidea&no=208625&page=5","16266","55"
"쿠키슈 만들었엉","https://gall.dcinside.com/board/view/?id=superidea&no=208624&page=5","6696","28"
"근데 어제 이달소 이게 레알 레전드였는데","https://gall.dcinside.com/board/view/?id=superidea&no=208623&page=5","8935","63"
"(오택) 내 최애 마피","https://gall.dcinside.com/board/view/?id=superidea&no=208622&page=5","1436","13"
"오늘 정오 데뷔 걸그룹 데이드림","https://gall.dcinside.com/board/view/?id=superidea&no=208619&page=5","3382","31"
"첫 모캠 살아남았다","https://gall.dcinside.com/board/view/?id=superidea&no=208618&page=5","1610","14"
"그냥 달팽","https://gall.dcinside.com/board/view/?id=superidea&no=208617&page=5","2132","22"
"접시에 찹쌀똑 흘리신분","https://gall.dcinside.com/board/view/?id=superidea&no=208616&page=5","3418","54"
"어제 갔다온 낙성대 사운드마인드","https://gall.dcinside.com/board/view/?id=superidea&no=208614&page=5","1849","12"
"조오오오오온나 맛있는 피자 먹는 만화","https://gall.dcinside.com/board/view/?id=superidea&no=208613&page=5","8106","113"
"예비 유부틀붕 마이너스 달렸다","https://gall.dcinside.com/board/view/?id=superidea&no=208611&page=5","2362","55"
"제 2회 섀도타임 토너먼트대회 우승파티","https://gall.dcinside.com/board/view/?id=superidea&no=208610&page=5","2099","20"
"짤툰)타입캡슐을 만드는 안나.jpg","https://gall.dcinside.com/board/view/?id=superidea&no=208609&page=5","2513","115"
"가치는 모르겠지만 나한텐 매우 흥미로움","https://gall.dcinside.com/board/view/?id=superidea&no=208608&page=5","1903","22"
"바비 입갤","https://gall.dcinside.com/board/view/?id=superidea&no=208604&page=5","1561","24"
"6개 구장 직관후기","https://gall.dcinside.com/board/view/?id=superidea&no=208603&page=5","4018","50"
"갓마스터 더블딜러 = 클라우더에 대해 알아보자","https://gall.dcinside.com/board/view/?id=superidea&no=208601&page=5","1582","20"
"누텔라 빵 만들었어요","https://gall.dcinside.com/board/view/?id=superidea&no=208600&page=5","21136","39"
"카린이 분당 중앙공원에서 새를 찍었읍니다","https://gall.dcinside.com/board/view/?id=superidea&no=208599&page=5","1313","27"
"세대의 필카와 오래된 필름들이야.","https://gall.dcinside.com/board/view/?id=superidea&no=208598&page=5","1128","14"
"코치특 관음기 -큰구장효과 편-","https://gall.dcinside.com/board/view/?id=superidea&no=208597&page=5","1104","11"
"발바토스 프레임 도색 완료","https://gall.dcinside.com/board/view/?id=superidea&no=208596&page=5","1064","18"
"하이뉴 건담 이제 막 완성했어요...","https://gall.dcinside.com/board/view/?id=superidea&no=208595&page=5","2258","20"
"오늘 13,14회 재방해주길래 여러번 봤는데","https://gall.dcinside.com/board/view/?id=superidea&no=208594&page=5","1437","23"
"오늘 간 카페에서 찍은것들","https://gall.dcinside.com/board/view/?id=superidea&no=208593&page=5","1419","10"
"[드래곤핏 챌린지] 다락방에서 드래곤핏","https://gall.dcinside.com/board/view/?id=superidea&no=208592&page=5","1302","98"
"집들이 바리","https://gall.dcinside.com/board/view/?id=superidea&no=208591&page=5","1537","26"
"버려진 개 또 놀아주고옴","https://gall.dcinside.com/board/view/?id=superidea&no=208590&page=5","2782","53"
"다영선배라 불러라-.jpg","https://gall.dcinside.com/board/view/?id=superidea&no=208589&page=5","4228","72"
"누님한테 생선 뜯엇어양","https://gall.dcinside.com/board/view/?id=superidea&no=208588&page=5","2276","15"
"서윤경","https://gall.dcinside.com/board/view/?id=superidea&no=208587&page=5","2399","41"
"짧은 햄스터","https://gall.dcinside.com/board/view/?id=superidea&no=208586&page=5","1676","28"
"화성 통장x도공 직관후기","https://gall.dcinside.com/board/view/?id=superidea&no=208585&page=5","2236","38"
"동숲 이전 시리즈 npc들은 모동숲에서 어떻게 됐을까?","https://gall.dcinside.com/board/view/?id=superidea&no=208584&page=5","6351","139"
"스압) 각자의 하루","https://gall.dcinside.com/board/view/?id=superidea&no=208583&page=5","1596","30"
"하...엘리스 혜성이 너무 예뻐서 움짤 만듬.gif","https://gall.dcinside.com/board/view/?id=superidea&no=208582&page=5","2465","34"
"오늘 본 개덜 (feat.개판)","https://gall.dcinside.com/board/view/?id=superidea&no=208581&page=5","2012","28"
"욕심쟁이 민아씨","https://gall.dcinside.com/board/view/?id=superidea&no=208580&page=5","4053","31"
"넨도로이드 1000 - 유키미쿠 Snow Princess Ver.","https://gall.dcinside.com/board/view/?id=superidea&no=208579&page=5","1512","19"
"문호준 리그 예선 통과 했을때 선수들 반응 보면","https://gall.dcinside.com/board/view/?id=superidea&no=208578&page=5","5382","164"
"31살 아조씨..브라우니..완성했어요..","https://gall.dcinside.com/board/view/?id=superidea&no=208577&page=5","2570","30"
"유동일 때 그림 모음","https://gall.dcinside.com/board/view/?id=superidea&no=208576&page=5","2097","102"
"[LCK] 오늘의 민아누나.gif","https://gall.dcinside.com/board/view/?id=superidea&no=208575&page=5","3847","30"
"[망한사진대회]추억에게, 잘가 행복했어","https://gall.dcinside.com/board/view/?id=superidea&no=208574&page=5","1057","17"
"오늘의 게임","https://gall.dcinside.com/board/view/?id=superidea&no=208573&page=5","1532","14"
"형님들 중수왕 인사 오지게 박겠습니다!!","https://gall.dcinside.com/board/view/?id=superidea&no=208572&page=5","678","20"
"판타지 한컷 낙서 -83-","https://gall.dcinside.com/board/view/?id=superidea&no=208571&page=5","4462","160"
"30넘은 파붕이가 돈잘벌면 이렇게된다..","https://gall.dcinside.com/board/view/?id=superidea&no=208570&page=5","3646","23"
"필린이 몇달전에 찍은거 드디어 스캔했따!!!","https://gall.dcinside.com/board/view/?id=superidea&no=208569&page=5","1323","12"
"우렁이쌀청주! 힙하게 찍어봄","https://gall.dcinside.com/board/view/?id=superidea&no=208568&page=6","1496","23"
"마 이게 닭집 연계다.gif","https://gall.dcinside.com/board/view/?id=superidea&no=208567&page=6","5188","143"
"모꼬맹이 오완 LHD-5 USS Bataan","https://gall.dcinside.com/board/view/?id=superidea&no=208566&page=6","942","20"
"초보빌더 빌더성 완성함","https://gall.dcinside.com/board/view/?id=superidea&no=208565&page=6","4414","22"
"콘 탈피해서 사진좀 찍어줌 ㅎㅎ","https://gall.dcinside.com/board/view/?id=superidea&no=208564&page=6","1584","17"
"탁옵 웃는짤모음","https://gall.dcinside.com/board/view/?id=superidea&no=208563&page=6","1151","49"
"마크에서 난천 도트 찍었다 ㅁㅌㅊ?","https://gall.dcinside.com/board/view/?id=superidea&no=208562&page=6","5232","87"
"본인쟝 치즈케이크 만들엇서요","https://gall.dcinside.com/board/view/?id=superidea&no=208561&page=6","1746","18"
"Iridescent","https://gall.dcinside.com/board/view/?id=superidea&no=208560&page=6","1117","24"
"안녕하세요 한화 이글스 갤러리에서 왔습니다","https://gall.dcinside.com/board/view/?id=superidea&no=208559&page=6","5061","256"
"컴백 티저 팬아트","https://gall.dcinside.com/board/view/?id=superidea&no=208558&page=6","1236","49"
"울 토끼 자는거 보고가","https://gall.dcinside.com/board/view/?id=superidea&no=208557&page=6","2130","46"
"야밤중에 만든 어탕국수","https://gall.dcinside.com/board/view/?id=superidea&no=208556&page=6","2799","19"
"주맥리)먹은 맥주중에 평점 젤 높은 KING JJJUILUSSS","https://gall.dcinside.com/board/view/?id=superidea&no=208555&page=6","1516","17"
"초장문)나는 미래에서 왔어 이 글은 2040년에 작성되고 있지","https://gall.dcinside.com/board/view/?id=superidea&no=208554&page=6","4444","37"
"베레모벗고 쏘리질러!!!!!!!","https://gall.dcinside.com/board/view/?id=superidea&no=208553&page=6","5702","36"
"오느릐 쇼핑 착숏","https://gall.dcinside.com/board/view/?id=superidea&no=208552&page=6","4069","14"
"윤경이 공카 사진, 움짤","https://gall.dcinside.com/board/view/?id=superidea&no=208550&page=6","4687","50"
"(동남아 여행기 #10) 방콕 미슐랭 원스타~빕구후멍 길거리음식들","https://gall.dcinside.com/board/view/?id=superidea&no=208549&page=6","2520","27"
"오늘 먹은것들.jpg","https://gall.dcinside.com/board/view/?id=superidea&no=208548&page=6","5440","37"
"씨발놈의 직접 해먹은 집밥스","https://gall.dcinside.com/board/view/?id=superidea&no=208547&page=6","6178","52"
"리스트랩 써본것들 (SBD Pioneer Elitefts)","https://gall.dcinside.com/board/view/?id=superidea&no=208546&page=6","2005","25"
"3-내가 추구하던 시음회의 최종적인 목적과 맥주 시장의 현실에 대하여","https://gall.dcinside.com/board/view/?id=superidea&no=208545&page=6","2209","19"
"듴공트인별 ~ 심케&뮤뱅 컴백, 시연&수아 셀카, 굿나잇 메시지","https://gall.dcinside.com/board/view/?id=superidea&no=208544&page=6","704","21"
"고라니 인스타 업데이트","https://gall.dcinside.com/board/view/?id=superidea&no=208542&page=6","15035","41"
"[프갤문학] [안풍문학] 코드명: 서프라이즈","https://gall.dcinside.com/board/view/?id=superidea&no=208541&page=6","1964","46"
"문재앙 때문에 전염병 창궐 ㅋㅋㅋㅋㅋ","https://gall.dcinside.com/board/view/?id=superidea&no=208540&page=6","7397","278"
"내일 와일더vs퓨리 둘다 작정했네 ㅋㅋ","https://gall.dcinside.com/board/view/?id=superidea&no=208539&page=6","1779","18"
"생활의달인 출연자와 촬영PD가 미식블로거 글에 직접 리플달러 온 해프닝","https://gall.dcinside.com/board/view/?id=superidea&no=208538&page=6","4775","37"
"어 - 택 (어스라이즈 택배)","https://gall.dcinside.com/board/view/?id=superidea&no=208537&page=6","1118","13"
"남심 배포","https://gall.dcinside.com/board/view/?id=superidea&no=208536&page=6","3257","27"
"스모와 컨벤에 대한 오해와 진실","https://gall.dcinside.com/board/view/?id=superidea&no=208535&page=6","2444","70"
"짤 그려옴","https://gall.dcinside.com/board/view/?id=superidea&no=208534&page=6","4488","57"
"흑인 여자심 만들어봤슴미다","https://gall.dcinside.com/board/view/?id=superidea&no=208532&page=6","7190","33"
"애기 굴욕샷","https://gall.dcinside.com/board/view/?id=superidea&no=208531&page=6","8416","53"
"안녕하세요 일러 공모전 1위상 받은 사람입니다.","https://gall.dcinside.com/board/view/?id=superidea&no=208530&page=6","4868","53"
"HG 자쿠1 썬더볼트 가조 완성","https://gall.dcinside.com/board/view/?id=superidea&no=208529&page=6","1492","14"
"오늘의 진도예드","https://gall.dcinside.com/board/view/?id=superidea&no=208528&page=6","2971","57"
"어스라이즈 클리프점퍼 간단 리뷰","https://gall.dcinside.com/board/view/?id=superidea&no=208527&page=6","1352","21"
"요절복통 앰생요정 - 14","https://gall.dcinside.com/board/view/?id=superidea&no=208526&page=6","8326","119"
"워포사 목록 새로 뜬거 이거인듯?","https://gall.dcinside.com/board/view/?id=superidea&no=208525&page=6","1268","9"
"빛과 어둠이 공존하는 어라","https://gall.dcinside.com/board/view/?id=superidea&no=208524&page=6","1560","13"
"김도얀 수트 모음 보고가.gif","https://gall.dcinside.com/board/view/?id=superidea&no=208523&page=6","3185","50"
"더스트주의) 쾨니히스루터 저먼 그레이 도색 ㅋ","https://gall.dcinside.com/board/view/?id=superidea&no=208522&page=6","1128","21"
"노량진은 이런게 대부분 5천원 이하임","https://gall.dcinside.com/board/view/?id=superidea&no=208521&page=6","8196","88"
"2020 제 6회 캐릭터 배틀 안내","https://gall.dcinside.com/board/view/?id=superidea&no=208520&page=6","3013","27"
"그라임즈 유튜브 생방 끝","https://gall.dcinside.com/board/view/?id=superidea&no=208519&page=6","2895","15"
"데이터주의)1년 전 워해머 입문기","https://gall.dcinside.com/board/view/?id=superidea&no=208517&page=6","1442","21"
"스테이크 먹고 매운맛 너구리 끼림","https://gall.dcinside.com/board/view/?id=superidea&no=208516&page=6","4728","22"
"다른건 모르겠고 한국 살았으면","https://gall.dcinside.com/board/view/?id=superidea&no=208515&page=6","31364","36"
"세르비아에서 레코드산거 인증","https://gall.dcinside.com/board/view/?id=superidea&no=208514&page=7","1930","18"
"애들아 ㅠㅠ 나 방금 넘 놀랫다..","https://gall.dcinside.com/board/view/?id=superidea&no=208513&page=7","6764","46"
"작중에서 키라가 우는 횟수","https://gall.dcinside.com/board/view/?id=superidea&no=208512&page=7","4767","23"
"김막돌 쫌 게을러졋어","https://gall.dcinside.com/board/view/?id=superidea&no=208511&page=7","2274","37"
"목우촌 수제햄이랑 김치찍에","https://gall.dcinside.com/board/view/?id=superidea&no=208510&page=7","4639","38"
"1년 8개월지난 탄산토이 시음후기","https://gall.dcinside.com/board/view/?id=superidea&no=208509&page=7","4030","19"
"싱글 종결@@@@@@@","https://gall.dcinside.com/board/view/?id=superidea&no=208508&page=7","1358","32"
"그리마재툰 참피 - 우리동네 실장석","https://gall.dcinside.com/board/view/?id=superidea&no=208507&page=7","3305","87"
"웬아이디프 트위터 (추가)","https://gall.dcinside.com/board/view/?id=superidea&no=208504&page=7","9175","207"
"존나 노동하는 꿈꾼 만와","https://gall.dcinside.com/board/view/?id=superidea&no=208503&page=7","4456","82"
"시네큐 후기) 편지빌런 - 10개써가고 받은 편지들 정리 (데이터조심)","https://gall.dcinside.com/board/view/?id=superidea&no=208502&page=7","1200","31"
"사쿠라 민주 전시회옴 +셀카 추가","https://gall.dcinside.com/board/view/?id=superidea&no=208501&page=7","6830","108"
"저의 집을 소개합니다","https://gall.dcinside.com/board/view/?id=superidea&no=208500&page=7","2428","71"
"초스압주의) 어제자 궁금한 이야기 Y 사기꾼 카붕이설.png","https://gall.dcinside.com/board/view/?id=superidea&no=208499&page=7","4632","122"
"190902 나는 내일 어제의 너와 만난다 성지순례 후기","https://gall.dcinside.com/board/view/?id=superidea&no=208498&page=7","1897","30"
"오늘자 달소 브이앱... 정진솔 모음...gif","https://gall.dcinside.com/board/view/?id=superidea&no=208497&page=7","4513","46"
"메가트론을 만드려 했지만...","https://gall.dcinside.com/board/view/?id=superidea&no=208496&page=7","2372","30"
"끄아악의 만화를 그리게된이유","https://gall.dcinside.com/board/view/?id=superidea&no=208495&page=7","9744","248"
"추위를 많이 탄다는 댕댕이...jpg","https://gall.dcinside.com/board/view/?id=superidea&no=208494&page=7","17655","186"
"작은 센서의 야간 출사","https://gall.dcinside.com/board/view/?id=superidea&no=208493&page=7","2356","12"
"철이 지금 왔어요","https://gall.dcinside.com/board/view/?id=superidea&no=208492&page=7","1532","32"
"2020년 현재까지 사진","https://gall.dcinside.com/board/view/?id=superidea&no=208491&page=7","7048","67"
"몬스터 샀다 ㅎㅎㅎ","https://gall.dcinside.com/board/view/?id=superidea&no=208490&page=7","2694","42"
"못쌩긴 호랭이..","https://gall.dcinside.com/board/view/?id=superidea&no=208489&page=7","1914","12"
"모저씨 오작","https://gall.dcinside.com/board/view/?id=superidea&no=208488&page=7","1093","15"
"(약스압) 구닌아조시 휴가나와서 마신것들...","https://gall.dcinside.com/board/view/?id=superidea&no=208487&page=7","2299","18"
"ㄱㅅㄱㅁㅇ 리터럴리 평화로운 여보셔 컷콜","https://gall.dcinside.com/board/view/?id=superidea&no=208486&page=7","1191","27"
"사이좋은 김박.gif","https://gall.dcinside.com/board/view/?id=superidea&no=208485&page=7","3194","37"
"오늘의 슈마메","https://gall.dcinside.com/board/view/?id=superidea&no=208484&page=7","7341","43"
"오-완) 타미야 M4A3E8","https://gall.dcinside.com/board/view/?id=superidea&no=208483&page=7","1241","22"
"넨도로이드 243 - 크리스탈의 공주","https://gall.dcinside.com/board/view/?id=superidea&no=208482&page=7","2106","14"
"정답은 아니지만 헤비메탈과 하드록의 차이에 대하여","https://gall.dcinside.com/board/view/?id=superidea&no=208481&page=7","1452","19"
"10스압) 폭스버리 라이프","https://gall.dcinside.com/board/view/?id=superidea&no=208480&page=7","1086","41"
"지땁룰북관련 개인적인 생각","https://gall.dcinside.com/board/view/?id=superidea&no=208479&page=7","1056","19"
"지샥 X 이소룡 한정판 상세사진들","https://gall.dcinside.com/board/view/?id=superidea&no=208478&page=7","3050","27"
"“그 인생이 기계적인 것이었다 해도────”","https://gall.dcinside.com/board/view/?id=superidea&no=208477&page=7","4253","46"
"[드래곤핏 챌린지] 담요 그딴거 없다","https://gall.dcinside.com/board/view/?id=superidea&no=208476&page=7","1095","42"
"어제밤 신나는 돼지파티","https://gall.dcinside.com/board/view/?id=superidea&no=208475&page=7","4766","38"
"수플레 만듦","https://gall.dcinside.com/board/view/?id=superidea&no=208474&page=7","2860","33"
"보송보송 정다훈","https://gall.dcinside.com/board/view/?id=superidea&no=208473&page=7","1522","46"
"다이아 얼굴 나이 측정.gif ㅋㅋㅋㅋㅋ","https://gall.dcinside.com/board/view/?id=superidea&no=208472&page=7","27795","44"
"삼즈 8인 가족 플레이일기 (초스압)","https://gall.dcinside.com/board/view/?id=superidea&no=208470&page=7","1527","29"
"190728 눕방 라이브 류진 움짤","https://gall.dcinside.com/board/view/?id=superidea&no=208469&page=7","2703","28"
"갑자기 열 올라서 응급실 갔는데 격리텐트 간 썰.manhwa","https://gall.dcinside.com/board/view/?id=superidea&no=208468&page=7","10118","205"
"기추글) 레전드 다이버 기추","https://gall.dcinside.com/board/view/?id=superidea&no=208467&page=7","3322","40"
"오늘 찍은 사진","https://gall.dcinside.com/board/view/?id=superidea&no=208466&page=7","5282","53"
"슈퍼코인 필름 5종 테스트 결과 (2)","https://gall.dcinside.com/board/view/?id=superidea&no=208465&page=7","910","9"
"후기) 2.21 씨네큐 무료대관 후기 (사진, 장문주의)","https://gall.dcinside.com/board/view/?id=superidea&no=208464&page=7","1600","33"
"둠 하다가 피규어 갖고싶어서 그냥 하나 만듦 (+제작기)","https://gall.dcinside.com/board/view/?id=superidea&no=208463&page=7","3291","51"
"스위스시계 제작 과정.gif","https://gall.dcinside.com/board/view/?id=superidea&no=208462&page=7","23884","100"
"디스패치 LA쇼케이스 B컷","https://gall.dcinside.com/board/view/?id=superidea&no=208461&page=8","3245","33"
"캐주얼 코디 알파여심 - 포즈 스샷","https://gall.dcinside.com/board/view/?id=superidea&no=208460&page=8","2610","27"
"간단하게 알아보는 롤 스킨 세계관 스토리 - 별수호자편","https://gall.dcinside.com/board/view/?id=superidea&no=208459&page=8","14398","47"
"[해가저물고] 서성이던 퇴근길","https://gall.dcinside.com/board/view/?id=superidea&no=208458&page=8","1382","25"
"노트 #17 Buffalo Trace Single Barrel PS","https://gall.dcinside.com/board/view/?id=superidea&no=208457&page=8","1724","14"
"웹툰공모전 탈락 3관왕 ; 생리식염수 1화","https://gall.dcinside.com/board/view/?id=superidea&no=208456&page=8","5872","45"
"디스패치 B컷 추가","https://gall.dcinside.com/board/view/?id=superidea&no=208455&page=8","8523","31"
"안녕하세요, 김청청입니다 (2. 21)","https://gall.dcinside.com/board/view/?id=superidea&no=208454&page=8","2486","45"
"ㅆㅂ 디지팩이라매 개새야","https://gall.dcinside.com/board/view/?id=superidea&no=208453&page=8","5173","81"
"GPC 낼거 완성함","https://gall.dcinside.com/board/view/?id=superidea&no=208452&page=8","2368","21"
"현재 시점에서 보는 CHUG 스케일 알씨들","https://gall.dcinside.com/board/view/?id=superidea&no=208451&page=8","2512","11"
"주맥리)서울집시, 트위스트 IPA","https://gall.dcinside.com/board/view/?id=superidea&no=208450&page=8","1662","11"
"실시간 민아누나 인스타 게시글.jpg","https://gall.dcinside.com/board/view/?id=superidea&no=208449&page=8","36682","56"
"수니 정수리를 쓸어내리면 알 수 있는 점","https://gall.dcinside.com/board/view/?id=superidea&no=208448&page=8","5474","75"
"슈리마의 몰락과 다르킨 전쟁","https://gall.dcinside.com/board/view/?id=superidea&no=208447&page=8","14406","98"
"연애를 하지 않는 알바녀 manwha","https://gall.dcinside.com/board/view/?id=superidea&no=208446&page=8","13565","395"
"100,000,000,000,000","https://gall.dcinside.com/board/view/?id=superidea&no=208445&page=8","4084","34"
"역시 4만에서 젤 머씌는 종족은 오크지","https://gall.dcinside.com/board/view/?id=superidea&no=208444&page=8","3327","22"
"반지 왔다 히히히","https://gall.dcinside.com/board/view/?id=superidea&no=208443&page=8","3878","120"
"탁앰이라서뿐 아니라","https://gall.dcinside.com/board/view/?id=superidea&no=208442&page=8","1978","47"
"계란빵 만들었음","https://gall.dcinside.com/board/view/?id=superidea&no=208441&page=8","5220","34"
"눈이 녹으면 봄이 와요~","https://gall.dcinside.com/board/view/?id=superidea&no=208440&page=8","1425","22"
"[정보] TEKKEN WORLD TOUR 2020 일정.","https://gall.dcinside.com/board/view/?id=superidea&no=208439&page=8","2907","37"
"하는김에 몇장 더올리는 사진","https://gall.dcinside.com/board/view/?id=superidea&no=208438&page=8","1580","17"
"오늘의 진도예드","https://gall.dcinside.com/board/view/?id=superidea&no=208437&page=8","3339","61"
"어제 경기 한송이 개인시간차, 속공.gif","https://gall.dcinside.com/board/view/?id=superidea&no=208436&page=8","3594","51"
"신검 6시간 남은 틀딱이 방금 먹은것","https://gall.dcinside.com/board/view/?id=superidea&no=208435&page=8","8089","42"
"날씨 좋네","https://gall.dcinside.com/board/view/?id=superidea&no=208434&page=8","3710","129"
"[도색 완성작] 카오스 워리어 (호스트 오브 에버초즌)","https://gall.dcinside.com/board/view/?id=superidea&no=208433&page=8","1498","31"
"오택) 팜메용 옷 왔다! 보고가라.","https://gall.dcinside.com/board/view/?id=superidea&no=208432&page=8","2616","17"
"오늘 나저씨 성지순례 하고왔습니다","https://gall.dcinside.com/board/view/?id=superidea&no=208431&page=8","3759","71"
"영화 '대구' 캐스팅 떴다...JPG","https://gall.dcinside.com/board/view/?id=superidea&no=208430&page=8","55209","2286"
"우리집 앞에는 작은 양꼬치 가게가 하나 있다.","https://gall.dcinside.com/board/view/?id=superidea&no=208429&page=8","6418","51"
"넨도로이드 624 - 마츠노 카라마츠","https://gall.dcinside.com/board/view/?id=superidea&no=208428&page=8","2125","20"
"학생들..아조씨가 모은 비밀 딱지 보고가..","https://gall.dcinside.com/board/view/?id=superidea&no=208427&page=8","28308","158"
"친절한 아저씨 - 길 잃은 청춘","https://gall.dcinside.com/board/view/?id=superidea&no=208426&page=8","4506","98"
"노란 병아리 동원","https://gall.dcinside.com/board/view/?id=superidea&no=208425&page=8","8592","54"
"고라니 안경.....jpgif","https://gall.dcinside.com/board/view/?id=superidea&no=208424&page=8","26432","48"
"부트캠프 Y자 건물을 만들어 봤습니다~","https://gall.dcinside.com/board/view/?id=superidea&no=208423&page=8","1929","30"
"시월이 캣타워 왔다","https://gall.dcinside.com/board/view/?id=superidea&no=208422&page=8","1915","100"
"엘사보다 레드슈즈 여캐가 더 이쁘데서 만들어봤는데","https://gall.dcinside.com/board/view/?id=superidea&no=208421&page=8","21340","132"
"정보글) 어크 똥남아로 핫한 그짝 역사를 대충 알아보자.bozi","https://gall.dcinside.com/board/view/?id=superidea&no=208419&page=8","12869","95"
"꿈 속","https://gall.dcinside.com/board/view/?id=superidea&no=208418&page=8","1659","25"
"[념글요청]&quot;동물의숲&quot; 모든 아미보 , 아미보카드 모음","https://gall.dcinside.com/board/view/?id=superidea&no=208416&page=8","4760","34"
"스압) 동다 캡쳐","https://gall.dcinside.com/board/view/?id=superidea&no=208414&page=8","3917","37"
"김갤대표 FLEX 머학생이 JW메리어트 플레이버즈 다녀온 후기","https://gall.dcinside.com/board/view/?id=superidea&no=208413&page=8","3374","25"
"마코아 팬클럽.","https://gall.dcinside.com/board/view/?id=superidea&no=208410&page=8","1364","30"
"그러면 무한궤도를 직접 만들자","https://gall.dcinside.com/board/view/?id=superidea&no=208409&page=8","24700","40"
"뉴비 자취하고 볶음밥 맹금","https://gall.dcinside.com/board/view/?id=superidea&no=208408&page=8","2913","30"
"이 시각 서역에서는...","https://gall.dcinside.com/board/view/?id=superidea&no=208407&page=8","4022","14"
"Frog 제작기","https://gall.dcinside.com/board/view/?id=superidea&no=208406&page=9","953","20"
"오랜만에 현상해서 와봤읍니다,,","https://gall.dcinside.com/board/view/?id=superidea&no=208404&page=9","985","17"
"오늘자 귀여움.","https://gall.dcinside.com/board/view/?id=superidea&no=208403&page=9","2344","28"
"쌉쓰압)  운수 좋은날","https://gall.dcinside.com/board/view/?id=superidea&no=208402&page=9","1152","16"
"프레다킹 팔 늘린채로도 합체가 되는고만","https://gall.dcinside.com/board/view/?id=superidea&no=208400&page=9","1563","14"
"필린이들을 위한 흑백 필름 자가 현상하는 방법","https://gall.dcinside.com/board/view/?id=superidea&no=208399&page=9","1275","20"
"이쯤에서 다시보는... 임진모 명언...jpg","https://gall.dcinside.com/board/view/?id=superidea&no=208398&page=9","2036","29"
"무려 ... 6번이나 경고한 의협 ㄹㅇ; ....jpg","https://gall.dcinside.com/board/view/?id=superidea&no=208396&page=9","71481","2828"
"스압) 심즈3 최적화하기","https://gall.dcinside.com/board/view/?id=superidea&no=208395&page=9","1662","31"
"엡글 인스타","https://gall.dcinside.com/board/view/?id=superidea&no=208394&page=9","1835","12"
"김갤대표 금손 머학생이 그동안 요리한 것","https://gall.dcinside.com/board/view/?id=superidea&no=208393&page=9","4210","23"
"카린이 주공아파트 사진인 것이에오","https://gall.dcinside.com/board/view/?id=superidea&no=208392&page=9","1568","19"
"오작 및 오완(?) 레전드 1/35 네이비실","https://gall.dcinside.com/board/view/?id=superidea&no=208391&page=9","2728","8"
"[만화]병풍한스 줘팸일기6","https://gall.dcinside.com/board/view/?id=superidea&no=208389&page=9","1641","80"
"[짤종합] &quot;여러분이 가장 기다리는 시간!&quot;","https://gall.dcinside.com/board/view/?id=superidea&no=208386&page=9","1836","19"
"ㄱㅅㄱㅁㅇ준휘수노에게 영원히 고통받는 배창섭ㅋㅋㅋㅋ","https://gall.dcinside.com/board/view/?id=superidea&no=208385&page=9","1956","43"
"기계교 이제야 완성....","https://gall.dcinside.com/board/view/?id=superidea&no=208383&page=9","1450","15"
"아무 의미없이 쏴재끼는 움짤들","https://gall.dcinside.com/board/view/?id=superidea&no=208382&page=9","2058","20"
"햄스터 준비물 구매목록 올려드림","https://gall.dcinside.com/board/view/?id=superidea&no=208381&page=9","743","14"
"돈 로사리오의 행방불명-선셋 밸리","https://gall.dcinside.com/board/view/?id=superidea&no=208379&page=9","799","19"
"나가리움 조립 후기","https://gall.dcinside.com/board/view/?id=superidea&no=208378&page=9","2124","22"
"191227 KBS 가요대축제 리아 +4p by Boom Clap","https://gall.dcinside.com/board/view/?id=superidea&no=208376&page=9","2585","22"
"오두바이 샀다고 신났네ㅋ~(SANA2)","https://gall.dcinside.com/board/view/?id=superidea&no=208375&page=9","2161","19"
"여기 이런거 올려도 되는데 맞아요?","https://gall.dcinside.com/board/view/?id=superidea&no=208373&page=9","2903","37"
"손님 없는 카페 하나 무단점거하고 사진찍다 왔다","https://gall.dcinside.com/board/view/?id=superidea&no=208372&page=9","8107","17"
"엠카 트위터 - 아이즈원 현장포토(피에스타) 14p","https://gall.dcinside.com/board/view/?id=superidea&no=208371&page=9","2762","111"
"알터네이터즈 로디머스 리뷰","https://gall.dcinside.com/board/view/?id=superidea&no=208370&page=9","986","12"
"오늘 야마자키 증류소 다녀온 후기","https://gall.dcinside.com/board/view/?id=superidea&no=208369&page=9","1651","22"
"호중이 무대 보고 느낀건","https://gall.dcinside.com/board/view/?id=superidea&no=208368&page=9","2726","182"
"24 네개 털었다","https://gall.dcinside.com/board/view/?id=superidea&no=208367&page=9","904","13"
"(푸들) 버거킹 개간식","https://gall.dcinside.com/board/view/?id=superidea&no=208365&page=9","6937","23"
"[드래곤핏 챌린지], 성수오티 받은 썰","https://gall.dcinside.com/board/view/?id=superidea&no=208364&page=9","1481","60"
"e14 도인범.gif","https://gall.dcinside.com/board/view/?id=superidea&no=208362&page=9","1727","26"
"자꾸 딴 개나 딴 동물한테 달려가는데 이거 냅둬도되나?","https://gall.dcinside.com/board/view/?id=superidea&no=208361&page=9","1619","16"
"흥국팬의 오늘 경기 직관 후기.JPG","https://gall.dcinside.com/board/view/?id=superidea&no=208360&page=9","5119","136"
"역대 유비겜 고티 수상 순위.jpg","https://gall.dcinside.com/board/view/?id=superidea&no=208358&page=9","23191","75"
"[주맥리]OMNIPOLO Double Karpologi","https://gall.dcinside.com/board/view/?id=superidea&no=208356&page=9","875","13"
"오늘의작업","https://gall.dcinside.com/board/view/?id=superidea&no=208355&page=9","2550","13"
"약간 늦은 저녁에 소화제 필요하신분?","https://gall.dcinside.com/board/view/?id=superidea&no=208354&page=9","1389","16"
"엠카 트위터 - 아이즈원 현장포토 29p","https://gall.dcinside.com/board/view/?id=superidea&no=208351&page=9","3239","128"
"화이트꾸기 vs 브라운꾸기","https://gall.dcinside.com/board/view/?id=superidea&no=208349&page=9","1627","36"
"스압)옆태 미남","https://gall.dcinside.com/board/view/?id=superidea&no=208348&page=9","1893","37"
"심즈4로 승리, 정준영을 만들음","https://gall.dcinside.com/board/view/?id=superidea&no=208347&page=9","2777","47"
"어제뽑은 거북이피규어","https://gall.dcinside.com/board/view/?id=superidea&no=208346&page=9","1744","16"
"10182 카페코너 완성.jpg","https://gall.dcinside.com/board/view/?id=superidea&no=208345&page=9","3232","45"
"이미지관련좋은사이트3개소개해드림.link","https://gall.dcinside.com/board/view/?id=superidea&no=208344&page=9","6489","66"
"(200203) 심야침대특급 선라이즈","https://gall.dcinside.com/board/view/?id=superidea&no=208343&page=9","3170","37"
"가난한 쥬미는 직접 만들어요2","https://gall.dcinside.com/board/view/?id=superidea&no=208342&page=9","3432","63"
"직관후기","https://gall.dcinside.com/board/view/?id=superidea&no=208341&page=9","3141","76"
"MTV 인터뷰 기사 및 사진","https://gall.dcinside.com/board/view/?id=superidea&no=208340&page=9","1304","25"
"건프라 박스 일러스트 모음 보면서 안점","https://gall.dcinside.com/board/view/?id=superidea&no=208339&page=10","3825","25"
"피자 시키는 만화","https://gall.dcinside.com/board/view/?id=superidea&no=208338&page=10","9086","139"
"중붕이... 소닉 포시즈 엔딩 봤다.hoogi","https://gall.dcinside.com/board/view/?id=superidea&no=208337&page=10","12188","107"
"Warcaster:Neo-Mechanika 공개","https://gall.dcinside.com/board/view/?id=superidea&no=208336&page=10","1335","11"
"사자 몸속의 벌레","https://gall.dcinside.com/board/view/?id=superidea&no=208335&page=10","6750","43"
"킹스레이드 세리아 레진 도색","https://gall.dcinside.com/board/view/?id=superidea&no=208334&page=10","2331","16"
"어스라이즈 옵티머스 포토 리뷰2(로봇)","https://gall.dcinside.com/board/view/?id=superidea&no=208333&page=10","1056","19"
"손흥민이 존나게 대단하고 놀라운 이유..jpg","https://gall.dcinside.com/board/view/?id=superidea&no=208331&page=10","7551","216"
"성심당의 도시","https://gall.dcinside.com/board/view/?id=superidea&no=208330&page=10","4742","31"
"하효림은 도공 시절 훈련도 못했다는게","https://gall.dcinside.com/board/view/?id=superidea&no=208329&page=10","2756","62"
"e14 서우진.gif (+김사부, 은재)","https://gall.dcinside.com/board/view/?id=superidea&no=208328&page=10","1658","23"
"런던 여행 가서 먹은것들 (with 스냅)","https://gall.dcinside.com/board/view/?id=superidea&no=208327&page=10","3089","36"
"체블 인스타 유주","https://gall.dcinside.com/board/view/?id=superidea&no=208326&page=10","3713","28"
"얜 진짜 천사야 천사.. 몇번봤다고..","https://gall.dcinside.com/board/view/?id=superidea&no=208324&page=10","39447","66"
"나고야~교토 묵뱅mukbang","https://gall.dcinside.com/board/view/?id=superidea&no=208323&page=10","6871","42"
"히피스타일 알파여심 - 포즈 스샷","https://gall.dcinside.com/board/view/?id=superidea&no=208322&page=10","2467","30"
"어스라이즈 옵티머스 포토 리뷰1(비클)","https://gall.dcinside.com/board/view/?id=superidea&no=208321&page=10","1112","11"
"일본 여행 가서 먹은거 (스압)","https://gall.dcinside.com/board/view/?id=superidea&no=208320&page=10","4191","54"
"ㄹㅇ 개인적으로 가장멋지다고 생각한 자쿠","https://gall.dcinside.com/board/view/?id=superidea&no=208319&page=10","2870","30"
"14회 김사부(ft.은탁쌤) .gif","https://gall.dcinside.com/board/view/?id=superidea&no=208317&page=10","1333","21"
"외눈박이 모빌슈츠 성애자 있냐 난 그렇다","https://gall.dcinside.com/board/view/?id=superidea&no=208316&page=10","1716","24"
"[정보]겨울왕국 원서&amp;설정 정리글 모음0220","https://gall.dcinside.com/board/view/?id=superidea&no=208315&page=10","2660","59"
"SS 제트윙옵 업글킷","https://gall.dcinside.com/board/view/?id=superidea&no=208314&page=10","1987","14"
"메이플 패치 유출.. 개돼지 극대노.. jpg","https://gall.dcinside.com/board/view/?id=superidea&no=208313&page=10","20989","218"
"엘사, 안나 결국 만들었다","https://gall.dcinside.com/board/view/?id=superidea&no=208312&page=10","16436","221"
"김천 도공x기름 직관후기","https://gall.dcinside.com/board/view/?id=superidea&no=208311&page=10","1902","28"
"자빠졌다ㅠㅠ","https://gall.dcinside.com/board/view/?id=superidea&no=208310&page=10","2112","12"
"올해의 야생동물 사진 - 시민의 선택","https://gall.dcinside.com/board/view/?id=superidea&no=208309&page=10","2763","29"
"[대륙서바이벌] 커피왔다","https://gall.dcinside.com/board/view/?id=superidea&no=208308&page=10","1632","22"
"주바리, 주위리) 아도니스&위스키 (스압)","https://gall.dcinside.com/board/view/?id=superidea&no=208307&page=10","1349","20"
"가난한자의 제습함","https://gall.dcinside.com/board/view/?id=superidea&no=208306&page=10","8006","38"
"종철이네 개 새끼낳았다.","https://gall.dcinside.com/board/view/?id=superidea&no=208305&page=10","3134","67"
"얘네 키우면서 항상 듣는소리","https://gall.dcinside.com/board/view/?id=superidea&no=208304&page=10","8047","40"
"밀크 베이스 커피","https://gall.dcinside.com/board/view/?id=superidea&no=208303&page=10","1512","14"
"앵) 귀여운 앵이 보구가~~","https://gall.dcinside.com/board/view/?id=superidea&no=208302&page=10","1941","33"
"직관 후기","https://gall.dcinside.com/board/view/?id=superidea&no=208301&page=10","3309","66"
"오마이걸 비주얼 비니 모음 gif","https://gall.dcinside.com/board/view/?id=superidea&no=208300&page=10","4357","49"
"김정숙 ... 건어물 가게 풀버전 ㄹㅇ; ...jpg","https://gall.dcinside.com/board/view/?id=superidea&no=208299&page=10","44236","1827"
"뭔가 오묘하다했더니","https://gall.dcinside.com/board/view/?id=superidea&no=208298&page=10","5408","91"
"동남아인들 어쌔신크리드 망상.jpg","https://gall.dcinside.com/board/view/?id=superidea&no=208297&page=10","23638","201"
"밍구리 김민주 온도차.gif","https://gall.dcinside.com/board/view/?id=superidea&no=208296&page=10","13262","178"
"르뱅쿠키 또 구움","https://gall.dcinside.com/board/view/?id=superidea&no=208295&page=10","1892","13"
"200220 아침&amp;","https://gall.dcinside.com/board/view/?id=superidea&no=208294&page=10","15092","21"
"피돌이 자빠졌다","https://gall.dcinside.com/board/view/?id=superidea&no=208293&page=10","2210","16"
"도다이 태운 백식 & 디제 몇장","https://gall.dcinside.com/board/view/?id=superidea&no=208292&page=10","1023","11"
"e14 서우진2.gif (+은재, 뼈쌤)","https://gall.dcinside.com/board/view/?id=superidea&no=208291&page=10","1742","23"
"대회 상품 기부하러옴","https://gall.dcinside.com/board/view/?id=superidea&no=208290&page=10","3528","29"
"간잽이 + 사진추가","https://gall.dcinside.com/board/view/?id=superidea&no=208289&page=10","2688","23"
"깊블퀴가 앚 앨범 3개 전부 다 뜯어봤다 ㅋㅋㅋㅋㅋㅋㅋㅋㅋㅋㅋㅋㅋㅋ","https://gall.dcinside.com/board/view/?id=superidea&no=208288&page=10","4543","317"
"스압, 데이터) 직찍 로씨야 기차 사진","https://gall.dcinside.com/board/view/?id=superidea&no=208287&page=10","1472","21"
