"title","hit","url","page"
"이재명은 승부수를 던졋네요","0","https://www.clien.net//service/board/park/14635021?od=T31&po=0&category=&groupCd=","0"
"방금 후배한테 들은 신천지 이야기","113","https://www.clien.net//service/board/park/14635018?od=T31&po=0&category=&groupCd=","0"
"부산 코스트코 폐쇄네요","291","https://www.clien.net//service/board/park/14635017?od=T31&po=0&category=&groupCd=","0"
"외국인 텔레그램 채팅방에 있는데요. 어떤 사람이 후방 사진을 올리니","171","https://www.clien.net//service/board/park/14635016?od=T31&po=0&category=&groupCd=","0"
"베놈2 카니지와 감독.jpg","623","https://www.clien.net//service/board/park/14635014?od=T31&po=0&category=&groupCd=","0"
"중국 매체, 여자축구 한국원정 거부해야.jpg","656","https://www.clien.net//service/board/park/14635013?od=T31&po=0&category=&groupCd=","0"
"코로나19 치료제로 日 '아비간' 임시 허가 검토 중.gisa","485","https://www.clien.net//service/board/park/14635012?od=T31&po=0&category=&groupCd=","0"
"권영진 시장님 팩트체크당하셨네요.","1329","https://www.clien.net//service/board/park/14635011?od=T31&po=0&category=&groupCd=","0"
"판교 회사 재택근무 전환이네요","706","https://www.clien.net//service/board/park/14635010?od=T31&po=0&category=&groupCd=","0"
"이것이 나라입니다.","345","https://www.clien.net//service/board/park/14635009?od=T31&po=0&category=&groupCd=","0"
"타임지 한국 코로나 바이러스 뉴스는 상당히 중립적이네요.","889","https://www.clien.net//service/board/park/14635008?od=T31&po=0&category=&groupCd=","0"
"저도 이번사태의 피해자입니다","443","https://www.clien.net//service/board/park/14635007?od=T31&po=0&category=&groupCd=","0"
"가전제품중..컴퓨터나 노트북만 가격이 시대에 거꾸로 가는 느낌이 들어요","302","https://www.clien.net//service/board/park/14635006?od=T31&po=0&category=&groupCd=","0"
"안양시 5번째 확진자 떴네요..","656","https://www.clien.net//service/board/park/14635005?od=T31&po=0&category=&groupCd=","0"
"이 경우는 왜 하필 이름을 신천지로...","761","https://www.clien.net//service/board/park/14635003?od=T31&po=0&category=&groupCd=","0"
"(혐불편주위) 도박.jpg","942","https://www.clien.net//service/board/park/14635002?od=T31&po=0&category=&groupCd=","0"
"팟빵..신천지","843","https://www.clien.net//service/board/park/14635001?od=T31&po=0&category=&groupCd=","0"
"황교안 아저씨 진짜 미치겠음","1816","https://www.clien.net//service/board/park/14635000?od=T31&po=0&category=&groupCd=","0"
"농협이 금융사고 자주나져?","830","https://www.clien.net//service/board/park/14634998?od=T31&po=0&category=&groupCd=","0"
"신천지 못 믿겠다는 이재명, 신천지 과천 교회 강제진입 '명단 달라'.....중앙일보","1193","https://www.clien.net//service/board/park/14634997?od=T31&po=0&category=&groupCd=","0"
"신천지 수사에 교회가 대찬성은 안할거라 봤는데","607","https://www.clien.net//service/board/park/14634995?od=T31&po=0&category=&groupCd=","0"
"월간ㅈㅅ, 20002 찬양기사","947","https://www.clien.net//service/board/park/14634994?od=T31&po=0&category=&groupCd=","0"
"문재인 정부 가장 맘에 드는 건...","998","https://www.clien.net//service/board/park/14634993?od=T31&po=0&category=&groupCd=","0"
"지금이라도 중국 출입국 금지하자는 교수님하고 페북으로 썰전 중입니다.","717","https://www.clien.net//service/board/park/14634992?od=T31&po=0&category=&groupCd=","0"
"핑크당이 중국인 입국제한을 물고 늘어지는 이유를 실토했네요","1468","https://www.clien.net//service/board/park/14634991?od=T31&po=0&category=&groupCd=","0"
"흔한 유튜브 인트로.gif","1525","https://www.clien.net//service/board/park/14634990?od=T31&po=0&category=&groupCd=","0"
"굉장히 기분 나쁜 일이 있었네요.","631","https://www.clien.net//service/board/park/14634989?od=T31&po=0&category=&groupCd=","0"
"2020년 이후 생겨날 신조어 예측","643","https://www.clien.net//service/board/park/14634988?od=T31&po=0&category=&groupCd=","0"
"LG가 가격 낮추겠다고 미디어텍 AP 쓴 제품들 쏟아내는군요","1016","https://www.clien.net//service/board/park/14634986?od=T31&po=0&category=&groupCd=","0"
"이재명 작업건게 신천지였을수도...","1637","https://www.clien.net//service/board/park/14634985?od=T31&po=0&category=&groupCd=","0"
"5급 시험이 미뤄지니 9급 시험도 혼란하군요 ㄷ ㄷ","708","https://www.clien.net//service/board/park/14634984?od=T31&po=1&category=&groupCd=","1"
"대구시 '병상 1000개·의료인 300명 지원해 달라'..문 대통령에 요청","2038","https://www.clien.net//service/board/park/14634981?od=T31&po=1&category=&groupCd=","1"
"미,래통합당과 그 종교 로고의 우연의 일치성","888","https://www.clien.net//service/board/park/14634980?od=T31&po=1&category=&groupCd=","1"
"오늘 15시를 기해서 재택근무로 이번주 업무 진행 지시했네요.","1156","https://www.clien.net//service/board/park/14634979?od=T31&po=1&category=&groupCd=","1"
"네이버 댓글보다가 속이 안좋아지네요....","605","https://www.clien.net//service/board/park/14634978?od=T31&po=1&category=&groupCd=","1"
"163일 동안 고발인만 열심히 조사중","1174","https://www.clien.net//service/board/park/14634975?od=T31&po=1&category=&groupCd=","1"
"신천지는 인싸들의 모임인가요?","980","https://www.clien.net//service/board/park/14634974?od=T31&po=1&category=&groupCd=","1"
"문통님 대구본진 털이","2744","https://www.clien.net//service/board/park/14634973?od=T31&po=1&category=&groupCd=","1"
"신천지를 상대로 정부나 손해본 기업, 개인, 단체들이 소송 할수 있는 방법이 없을지.","415","https://www.clien.net//service/board/park/14634972?od=T31&po=1&category=&groupCd=","1"
"내가 보는 영화가 사바하라니.....!!!","1026","https://www.clien.net//service/board/park/14634971?od=T31&po=1&category=&groupCd=","1"
"신천지는 숫자에 목숨 거는 집단이어서 포렌식하면 전부 다 나올 겁니다.","1059","https://www.clien.net//service/board/park/14634969?od=T31&po=1&category=&groupCd=","1"
"이스라엘 입국 거부당한 한국인 관광객.. 오늘 귀국 예정","551","https://www.clien.net//service/board/park/14634968?od=T31&po=1&category=&groupCd=","1"
"KT 룰렛 돌린 결과물~","803","https://www.clien.net//service/board/park/14634967?od=T31&po=1&category=&groupCd=","1"
"쥐마켓 박근혜아웃 마스크 취소당했네요","713","https://www.clien.net//service/board/park/14634964?od=T31&po=1&category=&groupCd=","1"
"'가족과 같은 우한'···대구발 KF94 마스크 1만8700장 中간다","1838","https://www.clien.net//service/board/park/14634963?od=T31&po=1&category=&groupCd=","1"
"정부에 의한 종교 관리가 필요할 듯 합니다","363","https://www.clien.net//service/board/park/14634961?od=T31&po=1&category=&groupCd=","1"
"장화 신고 나오니","779","https://www.clien.net//service/board/park/14634959?od=T31&po=1&category=&groupCd=","1"
"군생활 했던 동네를 사진으로라도 보면 기분이 참 이상하네요;","479","https://www.clien.net//service/board/park/14634957?od=T31&po=1&category=&groupCd=","1"
"가정보육 꿀템 추천.","740","https://www.clien.net//service/board/park/14634955?od=T31&po=1&category=&groupCd=","1"
"TK 통합당 후보자들 근황","1856","https://www.clien.net//service/board/park/14634953?od=T31&po=1&category=&groupCd=","1"
"코로나 관련 Time지 이 부분 맘에 드네요...","3037","https://www.clien.net//service/board/park/14634952?od=T31&po=1&category=&groupCd=","1"
"금천구 독산동 확진자 발생...","2297","https://www.clien.net//service/board/park/14634951?od=T31&po=1&category=&groupCd=","1"
"올해 첫 슈크림 라떼","1327","https://www.clien.net//service/board/park/14634950?od=T31&po=1&category=&groupCd=","1"
"휴일인데 스벅왔네요...","493","https://www.clien.net//service/board/park/14634949?od=T31&po=1&category=&groupCd=","1"
"'입국 금지 행위는 정치 연극일 뿐'..美 전문가 의견 밝혀","2446","https://www.clien.net//service/board/park/14634947?od=T31&po=1&category=&groupCd=","1"
"문 대통령, '코로나 비상' 대구의료원 방문..의료진 격려","1645","https://www.clien.net//service/board/park/14634943?od=T31&po=1&category=&groupCd=","1"
"'임산부도 있는데'..모리셔스, 예고없이 한국인 입국거부","1524","https://www.clien.net//service/board/park/14634941?od=T31&po=1&category=&groupCd=","1"
"쿠팡 플렉스, 플렉서가 불법행위 한 게 되는거 아닌가요?","1681","https://www.clien.net//service/board/park/14634939?od=T31&po=1&category=&groupCd=","1"
"신천지 종특 '거짓말'","2147","https://www.clien.net//service/board/park/14634938?od=T31&po=1&category=&groupCd=","1"
"바이러스 참 알다가도 모르겠네요","749","https://www.clien.net//service/board/park/14634936?od=T31&po=2&category=&groupCd=","2"
"[속보] 문재인 대통령 '오늘 저녁부터 총리가 대구 상주하며 진두지휘'","5112","https://www.clien.net//service/board/park/14634935?od=T31&po=2&category=&groupCd=","2"
"'과천서 9300여명 예배'…경기도, 신천지 시설 강제진입 / JTBC News","3121","https://www.clien.net//service/board/park/14634934?od=T31&po=2&category=&groupCd=","2"
"황교안 “우한 코로나 종식될 때까지 방역 봉사”","2679","https://www.clien.net//service/board/park/14634933?od=T31&po=2&category=&groupCd=","2"
"어떤 분의 before - after ...","1415","https://www.clien.net//service/board/park/14634932?od=T31&po=2&category=&groupCd=","2"
"BTS ON 첫무대 뉴욕 그랜드 센트럴 터미널.swf","901","https://www.clien.net//service/board/park/14634931?od=T31&po=2&category=&groupCd=","2"
"[속보] 전세계 코로나19 확진자 8만명 넘어서","2167","https://www.clien.net//service/board/park/14634930?od=T31&po=2&category=&groupCd=","2"
"“이시국에 이런이벤트?..”....라는 제목에 낚였어요","774","https://www.clien.net//service/board/park/14634929?od=T31&po=2&category=&groupCd=","2"
"마스크 악덕업주들 싹다 처벌받았으면 좋겠어요","844","https://www.clien.net//service/board/park/14634927?od=T31&po=2&category=&groupCd=","2"
"이상한 컨셉 잡은 빙그레","2223","https://www.clien.net//service/board/park/14634926?od=T31&po=2&category=&groupCd=","2"
"우체국쇼핑몰 서버다운이네요 ㄷㄷ","1493","https://www.clien.net//service/board/park/14634925?od=T31&po=2&category=&groupCd=","2"
"[속보] 구미서 6번째 확진자 발생…22세 남성","2903","https://www.clien.net//service/board/park/14634924?od=T31&po=2&category=&groupCd=","2"
"박제 - hansh0801","466","https://www.clien.net//service/board/park/14634923?od=T31&po=2&category=&groupCd=","2"
"책상용 스피커가 왔네요.","1257","https://www.clien.net//service/board/park/14634922?od=T31&po=2&category=&groupCd=","2"
"약후방) 아스카 키라라 VR 연애게임 등판","3755","https://www.clien.net//service/board/park/14634921?od=T31&po=2&category=&groupCd=","2"
"이번 주에 예정되어 있던 각종 시험 및 고시 연기되네요.","471","https://www.clien.net//service/board/park/14634920?od=T31&po=2&category=&groupCd=","2"
"현대의 이런 방역 체계에도 전파를 막기힘든대","948","https://www.clien.net//service/board/park/14634919?od=T31&po=2&category=&groupCd=","2"
"갑자기 악성사이트 접근이라면서 뭔가 뜨네요","590","https://www.clien.net//service/board/park/14634917?od=T31&po=2&category=&groupCd=","2"
"전광훈 구속에도 브레이크 없는 범투본 '3·1절 집회 강행'","1257","https://www.clien.net//service/board/park/14634916?od=T31&po=2&category=&groupCd=","2"
"'한국이 더 위험' 이젠 중국 유학생들이 무더기로 입국 거부","1780","https://www.clien.net//service/board/park/14634915?od=T31&po=2&category=&groupCd=","2"
"이친구도 ㅅ천지일까요?","1539","https://www.clien.net//service/board/park/14634914?od=T31&po=2&category=&groupCd=","2"
"중국놈들은 무슨생각으로 박쥐같은걸 먹었을까요?","712","https://www.clien.net//service/board/park/14634913?od=T31&po=2&category=&groupCd=","2"
"[속보]이재명, 신천지 과천본부 진입 '디지털포렌식' 작업 중 - 경인일보","6138","https://www.clien.net//service/board/park/14634909?od=T31&po=2&category=&groupCd=","2"
"날이 더워져도 코로나19가 사멸하지 않으리라는 예측이 나오고 있는 것 같은데..","1870","https://www.clien.net//service/board/park/14634907?od=T31&po=2&category=&groupCd=","2"
"택배 박스가....","1717","https://www.clien.net//service/board/park/14634906?od=T31&po=2&category=&groupCd=","2"
"탄핵마스크 취소처리되었네요.","2480","https://www.clien.net//service/board/park/14634905?od=T31&po=2&category=&groupCd=","2"
"MB 측 '즉시 석방해달라'","4121","https://www.clien.net//service/board/park/14634903?od=T31&po=2&category=&groupCd=","2"
"화제인 부산 17번 확진자 동선 행적..","4935","https://www.clien.net//service/board/park/14634902?od=T31&po=2&category=&groupCd=","2"
"[구인] 코로나가 잠잠해지고 난뒤에","1449","https://www.clien.net//service/board/park/14634901?od=T31&po=2&category=&groupCd=","2"
"베트남 하노이 코로나 관련 분위기","1895","https://www.clien.net//service/board/park/14634900?od=T31&po=2&category=&groupCd=","2"
"어쎄신 유니티는 언급조차 안되는거 같더라고요..","658","https://www.clien.net//service/board/park/14634899?od=T31&po=3&category=&groupCd=","3"
"중국입국 금지 주장하는 일베들이 아무말 못할 기사","1699","https://www.clien.net//service/board/park/14634898?od=T31&po=3&category=&groupCd=","3"
"헌혈하러왔습니다.","566","https://www.clien.net//service/board/park/14634897?od=T31&po=3&category=&groupCd=","3"
"강동구 명성교회에 확진자 발생해 동네가 난리군요..","2348","https://www.clien.net//service/board/park/14634895?od=T31&po=3&category=&groupCd=","3"
"확진자 접촉이외에 동선에서 감염된 사람들이 많나요?","661","https://www.clien.net//service/board/park/14634893?od=T31&po=3&category=&groupCd=","3"
"미국 58명이던데","1973","https://www.clien.net//service/board/park/14634891?od=T31&po=3&category=&groupCd=","3"
"내일부터 하나로마트·우체국서 마스크 살 수 있다","2706","https://www.clien.net//service/board/park/14634890?od=T31&po=3&category=&groupCd=","3"
"신천지 이 ㄱㄱㄱ 들아 고맙다 고마워... 빌어먹을...","3666","https://www.clien.net//service/board/park/14634889?od=T31&po=3&category=&groupCd=","3"
"마스크 어떻게 하세요??","859","https://www.clien.net//service/board/park/14634888?od=T31&po=3&category=&groupCd=","3"
"코로나..코리아.....어감이....","592","https://www.clien.net//service/board/park/14634886?od=T31&po=3&category=&groupCd=","3"
"쿠팡은 이번일로 인해 재난발생사 믿고맡길역량이 생기네요","1835","https://www.clien.net//service/board/park/14634885?od=T31&po=3&category=&groupCd=","3"
"??? : 자영업이 다 망해야 이 정권도 같이 망할텐데","1792","https://www.clien.net//service/board/park/14634884?od=T31&po=3&category=&groupCd=","3"
"v40은 카메라도 좋은거 같아요.","485","https://www.clien.net//service/board/park/14634883?od=T31&po=3&category=&groupCd=","3"
"코로나 방역은 당국 몫이지만.","342","https://www.clien.net//service/board/park/14634882?od=T31&po=3&category=&groupCd=","3"
"임시공휴일 지정했으면 좋겠네요","1321","https://www.clien.net//service/board/park/14634881?od=T31&po=3&category=&groupCd=","3"
"아이가 다니는 교회 목사가 제정신이 아닌거같아요..-_-;;","3885","https://www.clien.net//service/board/park/14634879?od=T31&po=3&category=&groupCd=","3"
"자기 침으로 칸디다균 테스트하는법.jpg","2843","https://www.clien.net//service/board/park/14634877?od=T31&po=3&category=&groupCd=","3"
"신천지 특별법 제정해야 하는 이유","1593","https://www.clien.net//service/board/park/14634874?od=T31&po=3&category=&groupCd=","3"
"마른 기침 나는데 불안합니다...","1098","https://www.clien.net//service/board/park/14634873?od=T31&po=3&category=&groupCd=","3"
"정의당이 빨간비례당 헌법소원 냈군요.","2112","https://www.clien.net//service/board/park/14634872?od=T31&po=3&category=&groupCd=","3"
"신천지 압수수색 왜 안하나요?","955","https://www.clien.net//service/board/park/14634870?od=T31&po=3&category=&groupCd=","3"
"아들 녀석이 쌍안경으로 제 얼굴을 보더니","1239","https://www.clien.net//service/board/park/14634868?od=T31&po=3&category=&groupCd=","3"
"개인적인 기쁜일(연봉인상)...","1322","https://www.clien.net//service/board/park/14634867?od=T31&po=3&category=&groupCd=","3"
"&lt;속보&gt;서울 동작구도 뚫렸다…사당동에서 첫 ‘코로나19’ 확진자 발생","3258","https://www.clien.net//service/board/park/14634866?od=T31&po=3&category=&groupCd=","3"
"베트남 확진자 16명 전원 완치…12일째 신규감염 없어","2602","https://www.clien.net//service/board/park/14634864?od=T31&po=3&category=&groupCd=","3"
"‘코로나19 실시간 현황’으로 위장한 악성코드","1255","https://www.clien.net//service/board/park/14634863?od=T31&po=3&category=&groupCd=","3"
"이 와중에 日 올림픽 망하는 소리가 들려오네요.","2912","https://www.clien.net//service/board/park/14634862?od=T31&po=3&category=&groupCd=","3"
"[속보] 우한 코로나 위중 환자 6명… 산소치료 14명","4541","https://www.clien.net//service/board/park/14634859?od=T31&po=3&category=&groupCd=","3"
"그나저나 ㅂㄱㅎOut 마스크는 어떻게 되는 걸까요","852","https://www.clien.net//service/board/park/14634858?od=T31&po=3&category=&groupCd=","3"
"신천지였던 대구 서구 '방역 총괄 담당자'<U+22EF>그 침묵의 결과는 공무원신분 상실","2947","https://www.clien.net//service/board/park/14634857?od=T31&po=3&category=&groupCd=","3"
"美 타임 '한국 확진자 증가, 한국의 개방성·투명성 반영'","2995","https://www.clien.net//service/board/park/14634856?od=T31&po=4&category=&groupCd=","4"
"중요한건 정부를 신뢰하고 따르는거죠...","218","https://www.clien.net//service/board/park/14634855?od=T31&po=4&category=&groupCd=","4"
"권영진 대구시장님아","1158","https://www.clien.net//service/board/park/14634854?od=T31&po=4&category=&groupCd=","4"
"[속보] 문 대통령, 대구 방문…'대구경북, 복합 위기 지역…긴급 예산 신속 집행'","3654","https://www.clien.net//service/board/park/14634853?od=T31&po=4&category=&groupCd=","4"
"오전에 삼실 의심환자","843","https://www.clien.net//service/board/park/14634852?od=T31&po=4&category=&groupCd=","4"
"일부 씨티비자카드 갱신발급 중단 안내","539","https://www.clien.net//service/board/park/14634851?od=T31&po=4&category=&groupCd=","4"
"심상정 '황교안, 신천지 두둔하냐…지금 뭣이 중헌디'","2420","https://www.clien.net//service/board/park/14634850?od=T31&po=4&category=&groupCd=","4"
"면도를 안 하고 나왔습니다.","524","https://www.clien.net//service/board/park/14634848?od=T31&po=4&category=&groupCd=","4"
"종일 집에 있으니 식비 증가가 어마어마하네요..","1319","https://www.clien.net//service/board/park/14634847?od=T31&po=4&category=&groupCd=","4"
"[인사혁신처 오피셜] 5급 공채·외교관후보자 선발 1차 시험 등 잠정 연기","1093","https://www.clien.net//service/board/park/14634846?od=T31&po=4&category=&groupCd=","4"
"버그수정이 예정되어 있는 닌텐도 스위치판 하츠네미쿠 리듬게임","933","https://www.clien.net//service/board/park/14634845?od=T31&po=4&category=&groupCd=","4"
"안양 재난경보보니까 4번째 확진자 안산 거쳐 갔었군요.","842","https://www.clien.net//service/board/park/14634844?od=T31&po=4&category=&groupCd=","4"
"예전에 클리앙에서 매크로 돌리는걸로 의심받던 분이 조용하네요.","634","https://www.clien.net//service/board/park/14634843?od=T31&po=4&category=&groupCd=","4"
"S20 사전예약은 결국 연장되나 봅니다","807","https://www.clien.net//service/board/park/14634842?od=T31&po=4&category=&groupCd=","4"
"와. 월급 인상!!","2744","https://www.clien.net//service/board/park/14634841?od=T31&po=4&category=&groupCd=","4"
"세상에서 가장 오래된 치킨","1301","https://www.clien.net//service/board/park/14634840?od=T31&po=4&category=&groupCd=","4"
"실사중인 키보드 이빈다","1645","https://www.clien.net//service/board/park/14634837?od=T31&po=4&category=&groupCd=","4"
"에탄올 가격도 미쳤네요","1375","https://www.clien.net//service/board/park/14634836?od=T31&po=4&category=&groupCd=","4"
"보자마자 빡치는 사진","4227","https://www.clien.net//service/board/park/14634835?od=T31&po=4&category=&groupCd=","4"
"신천지 신도 명부 넘긴다고 한 이후로","1243","https://www.clien.net//service/board/park/14634834?od=T31&po=4&category=&groupCd=","4"
"갤 s20이 만약 90만원대였다면","1166","https://www.clien.net//service/board/park/14634833?od=T31&po=4&category=&groupCd=","4"
"조국교수님 트윗 - 이정헌 화백의 응원.jpg","2698","https://www.clien.net//service/board/park/14634832?od=T31&po=4&category=&groupCd=","4"
"이희은닷컴 에펨코리아 회원 고소를 보면서....","2335","https://www.clien.net//service/board/park/14634831?od=T31&po=4&category=&groupCd=","4"
"[속보] 코로나 확진자 방문한 롯데백화점·롯데마트 부산 동래점 휴점","2622","https://www.clien.net//service/board/park/14634830?od=T31&po=4&category=&groupCd=","4"
"이스타 임금체불이 얼마나 심각한거냐면..","1597","https://www.clien.net//service/board/park/14634828?od=T31&po=4&category=&groupCd=","4"
"문 대통령, 대구 방문 '바이러스와의 싸움 반드시 승리하겠다'","1360","https://www.clien.net//service/board/park/14634827?od=T31&po=4&category=&groupCd=","4"
"마스크 비싸고 구하기 힘든데 다들 어디서 구하시는지","948","https://www.clien.net//service/board/park/14634826?od=T31&po=4&category=&groupCd=","4"
"(혐) 거칠어진 안철수의 입, 文 비판하며 우클릭","2397","https://www.clien.net//service/board/park/14634825?od=T31&po=4&category=&groupCd=","4"
"[2보] 문대통령 대구방문…'이번주 내 확진자 증가세 변곡점 만들어야'","3171","https://www.clien.net//service/board/park/14634824?od=T31&po=4&category=&groupCd=","4"
"문 대통령, 대구 방문","1606","https://www.clien.net//service/board/park/14634822?od=T31&po=4&category=&groupCd=","4"
"호주 '도쿄 올림픽 출전 않는게 의미있는 도전일 수도'","2173","https://www.clien.net//service/board/park/14634821?od=T31&po=5&category=&groupCd=","5"
"조선족 간병인...","2194","https://www.clien.net//service/board/park/14634820?od=T31&po=5&category=&groupCd=","5"
"코로나 환자가 주위에 생기니 긴장되네요","638","https://www.clien.net//service/board/park/14634819?od=T31&po=5&category=&groupCd=","5"
"국정 지지율을 보니","2688","https://www.clien.net//service/board/park/14634818?od=T31&po=5&category=&groupCd=","5"
"나름 저렴한 윈도우.jpg","3317","https://www.clien.net//service/board/park/14634816?od=T31&po=5&category=&groupCd=","5"
"CJ대한통운, ‘한국에서 가장 존경받는 기업’ 8년 연속 1위","1526","https://www.clien.net//service/board/park/14634815?od=T31&po=5&category=&groupCd=","5"
"TVN '방법', 함량이 떨어지네요.","1579","https://www.clien.net//service/board/park/14634813?od=T31&po=5&category=&groupCd=","5"
"관심가는 여론조사 : 23-24 일 종로구 여론조사","1555","https://www.clien.net//service/board/park/14634812?od=T31&po=5&category=&groupCd=","5"
"배송 물량 늘리고 역마진 감수...쿠팡·SSG닷컴 유통역량 총집결","1857","https://www.clien.net//service/board/park/14634811?od=T31&po=5&category=&groupCd=","5"
"미래통합당 로고????!!!!!!!","1959","https://www.clien.net//service/board/park/14634808?od=T31&po=5&category=&groupCd=","5"
"[속보]코로나19 환자 893명중 TK가 724명..대구 499명·경북 225명","3511","https://www.clien.net//service/board/park/14634807?od=T31&po=5&category=&groupCd=","5"
"삼시세끼 집에서 다 해먹으려면 사재기를 안할수가 없네요","975","https://www.clien.net//service/board/park/14634806?od=T31&po=5&category=&groupCd=","5"
"월급받아서 기분좋게 한우 채끝살을 두덩이 사서 와이프랑 나눠먹었는데....","1396","https://www.clien.net//service/board/park/14634805?od=T31&po=5&category=&groupCd=","5"
"신천지 = 탈레반 이라고 생각함","406","https://www.clien.net//service/board/park/14634804?od=T31&po=5&category=&groupCd=","5"
"중국 웨이하이, 한국발 입국자 전원격리.jpg","2347","https://www.clien.net//service/board/park/14634802?od=T31&po=5&category=&groupCd=","5"
"갑자기 모공분위기 왜 이러죠?","3545","https://www.clien.net//service/board/park/14634801?od=T31&po=5&category=&groupCd=","5"
"중국 자택 격리된 수천만명 검진은 다 받고 있을까요??","725","https://www.clien.net//service/board/park/14634800?od=T31&po=5&category=&groupCd=","5"
"민주당 (기동민 의원) '마스크·손 세정제 수출 금지' 법안 발의 (2월 7일) 하지만...","1554","https://www.clien.net//service/board/park/14634799?od=T31&po=5&category=&groupCd=","5"
"페이커의 농담.jpg","3777","https://www.clien.net//service/board/park/14634796?od=T31&po=5&category=&groupCd=","5"
"현대 수소차 넥쏘, 도요타 미라이 뛰어넘었다.","1393","https://www.clien.net//service/board/park/14634795?od=T31&po=5&category=&groupCd=","5"
"13년전 홍콩 길거리 스냅 사진 방출.jpg","3832","https://www.clien.net//service/board/park/14634794?od=T31&po=5&category=&groupCd=","5"
"안양시청 재난문자","1522","https://www.clien.net//service/board/park/14634793?od=T31&po=5&category=&groupCd=","5"
"비데 사고 인생이 달라졌네요..","2190","https://www.clien.net//service/board/park/14634791?od=T31&po=5&category=&groupCd=","5"
"마스크 DIY 자재 및 부자재 구입처와 만드는 법(동영상) 공유.jpg","1441","https://www.clien.net//service/board/park/14634789?od=T31&po=5&category=&groupCd=","5"
"마스크 착용후 face id 푸는법?","2176","https://www.clien.net//service/board/park/14634786?od=T31&po=5&category=&groupCd=","5"
"일본 마스크","2190","https://www.clien.net//service/board/park/14634785?od=T31&po=5&category=&groupCd=","5"
"대구 고담 시티가 되어가네요ㅠ","3325","https://www.clien.net//service/board/park/14634784?od=T31&po=5&category=&groupCd=","5"
"은행 대출금만 몇개월 거치기간 줬으면 좋겠습니다.","754","https://www.clien.net//service/board/park/14634783?od=T31&po=5&category=&groupCd=","5"
"LG전자, 실속형 대화면 스마트폰 'LG Q51' 출시","1402","https://www.clien.net//service/board/park/14634782?od=T31&po=5&category=&groupCd=","5"
"신천지 구별방법이라고 합니다.","2690","https://www.clien.net//service/board/park/14634780?od=T31&po=5&category=&groupCd=","5"
"받아라 신천지","4159","https://www.clien.net//service/board/park/14634779?od=T31&po=6&category=&groupCd=","6"
"메모가 풍년 이라길래 얼마나 메모 했나 보니..","800","https://www.clien.net//service/board/park/14634777?od=T31&po=6&category=&groupCd=","6"
"레또르뜨를 좀 사놓아야겠어요","802","https://www.clien.net//service/board/park/14634775?od=T31&po=6&category=&groupCd=","6"
"회사에서 전 직원 마스크 지급 완료","2480","https://www.clien.net//service/board/park/14634774?od=T31&po=6&category=&groupCd=","6"
"2.1 부터 은평성모병원 방문자 모두 코로나 진료 안내 받으라고..","2849","https://www.clien.net//service/board/park/14634773?od=T31&po=6&category=&groupCd=","6"
"음..갑자기 흰색 스니커즈가 땡기네요..","1313","https://www.clien.net//service/board/park/14634772?od=T31&po=6&category=&groupCd=","6"
"[1보] 인사처 ""29일 5급 공채·외교관 후보자 1차시험 잠정연기""","2546","https://www.clien.net//service/board/park/14634771?od=T31&po=6&category=&groupCd=","6"
"여친 살해 후 가마니에 넣어 경인아라뱃길에 유기한 20대","4287","https://www.clien.net//service/board/park/14634770?od=T31&po=6&category=&groupCd=","6"
"신천시 신도 리스트에서 이름 지워달라는 사람 많을거 같습니다.","2886","https://www.clien.net//service/board/park/14634769?od=T31&po=6&category=&groupCd=","6"
"에스퍼 '방위비 증액 최우선'…정경두 '인건비라도 타결하자'","768","https://www.clien.net//service/board/park/14634768?od=T31&po=6&category=&groupCd=","6"
"코로나 때문인지 대한항공 전화연결이 안되네요...","643","https://www.clien.net//service/board/park/14634767?od=T31&po=6&category=&groupCd=","6"
"오늘의 풍경.jpg","2115","https://www.clien.net//service/board/park/14634765?od=T31&po=6&category=&groupCd=","6"
"어쎄신크리드 오리진은 평가가 어떤가요 저 지금 엄청 재밌게 하고있어서요.","1116","https://www.clien.net//service/board/park/14634764?od=T31&po=6&category=&groupCd=","6"
"초등학교 휴업 왜 하나싶네요","4399","https://www.clien.net//service/board/park/14634763?od=T31&po=6&category=&groupCd=","6"
"천안 동선공개가 너무 짧네요;","1473","https://www.clien.net//service/board/park/14634762?od=T31&po=6&category=&groupCd=","6"
"유행따라 취향은 돌고 돌고~.jpg","2661","https://www.clien.net//service/board/park/14634761?od=T31&po=6&category=&groupCd=","6"
"대휴라서 한준","1261","https://www.clien.net//service/board/park/14634760?od=T31&po=6&category=&groupCd=","6"
"펭수카드가 왔어요.","1047","https://www.clien.net//service/board/park/14634758?od=T31&po=6&category=&groupCd=","6"
"중국인 입국 금지 안한것으로 많이 시끄럽군요.","3167","https://www.clien.net//service/board/park/14634757?od=T31&po=6&category=&groupCd=","6"
"공영방송 KBS가 일본인 인터뷰 자막 장난질","2842","https://www.clien.net//service/board/park/14634756?od=T31&po=6&category=&groupCd=","6"
"보이스피싱 전화를 받았습니다 \(ㅇㅁㅇ)/","689","https://www.clien.net//service/board/park/14634755?od=T31&po=6&category=&groupCd=","6"
"명륜진사갈비 라디오 광고를 듣다가 의아함...","1782","https://www.clien.net//service/board/park/14634754?od=T31&po=6&category=&groupCd=","6"
"물이 좋은 코기.gif","3099","https://www.clien.net//service/board/park/14634752?od=T31&po=6&category=&groupCd=","6"
"뜬금없지만 신천x 신자들은 기부금 소득공제 어떻게?","1088","https://www.clien.net//service/board/park/14634751?od=T31&po=6&category=&groupCd=","6"
"카톡과 블로그에 이런 글이 돌고 있는 듯 한데..","883","https://www.clien.net//service/board/park/14634750?od=T31&po=6&category=&groupCd=","6"
"도쿄 올림픽 볼 때마다 생각나는 위쳐 대사..","949","https://www.clien.net//service/board/park/14634749?od=T31&po=6&category=&groupCd=","6"
"'문재인 때리기 위해서라면..' 신천지 옹호하는 교회도 있다","3348","https://www.clien.net//service/board/park/14634748?od=T31&po=6&category=&groupCd=","6"
"우리리서치란 곳이 오늘만 전화 2번오네요.","603","https://www.clien.net//service/board/park/14634747?od=T31&po=6&category=&groupCd=","6"
"경기도 안산은 다행히 확진자가 없네요","623","https://www.clien.net//service/board/park/14634745?od=T31&po=6&category=&groupCd=","6"
"포항서 코로나19 확진자 2명 추가…신천지 관련(종합)","1383","https://www.clien.net//service/board/park/14634744?od=T31&po=6&category=&groupCd=","6"
"코로나19 월세 일부 감면 받았습니다.","3236","https://www.clien.net//service/board/park/14634742?od=T31&po=7&category=&groupCd=","7"
"코로나바이러스감염증-19 국내 발생 현황 (2월 25일)","1323","https://www.clien.net//service/board/park/14634741?od=T31&po=7&category=&groupCd=","7"
"사람은 변하지 않아요(무단횡단).jpg","2380","https://www.clien.net//service/board/park/14634739?od=T31&po=7&category=&groupCd=","7"
"오.... 회사에서 최고의 복지를 시행하려 합니다 ㄷㄷㄷ","3031","https://www.clien.net//service/board/park/14634738?od=T31&po=7&category=&groupCd=","7"
"이래도 중국 안막아서 그랬다고 하는거냐!!","2073","https://www.clien.net//service/board/park/14634737?od=T31&po=7&category=&groupCd=","7"
"정부비판한다고 욕하지 마시고 잘 설득들 해야죠...","569","https://www.clien.net//service/board/park/14634734?od=T31&po=7&category=&groupCd=","7"
"한미 국방장관 회담 전날.. 美 '한국인 무급휴직'으로 방위비 압박","1152","https://www.clien.net//service/board/park/14634733?od=T31&po=7&category=&groupCd=","7"
"통합당 ''대구 봉쇄'라니 주민들이 코로나 옮기나..강력규탄'","2612","https://www.clien.net//service/board/park/14634730?od=T31&po=7&category=&groupCd=","7"
"교총회장이 사생활을 이유로 동선공개 거부하면 통신영장 청구해야겠네요..","2769","https://www.clien.net//service/board/park/14634728?od=T31&po=7&category=&groupCd=","7"
"마스크 유통업자들 단톡방 지저분하네요","3508","https://www.clien.net//service/board/park/14634727?od=T31&po=7&category=&groupCd=","7"
"저쪽의 중국인 입국불허 주장이 먹히고 있다는 느낌이 듭니다.","1143","https://www.clien.net//service/board/park/14634726?od=T31&po=7&category=&groupCd=","7"
"서울은평성모병원 방문자 조사중인가 봅니다","817","https://www.clien.net//service/board/park/14634725?od=T31&po=7&category=&groupCd=","7"
"[기사]리얼미터, '여론조사 논란' 허위보도한 기자 상대 승소","2700","https://www.clien.net//service/board/park/14634724?od=T31&po=7&category=&groupCd=","7"
"현시각 이낙연 전총리 vs 황교안","3234","https://www.clien.net//service/board/park/14634723?od=T31&po=7&category=&groupCd=","7"
"19) 혹시 아이코스 피면서 담배 잘 안빨릴떄 있지 않나요?","1691","https://www.clien.net//service/board/park/14634722?od=T31&po=7&category=&groupCd=","7"
"호주 '도쿄 올림픽 출전 않는 게 의미있는 도전일 수도'.news","2911","https://www.clien.net//service/board/park/14634721?od=T31&po=7&category=&groupCd=","7"
"개배고파.jpg","1910","https://www.clien.net//service/board/park/14634719?od=T31&po=7&category=&groupCd=","7"
"서울 동작구 긴급재난문자","3225","https://www.clien.net//service/board/park/14634718?od=T31&po=7&category=&groupCd=","7"
"개신교가 신천지에 치를 떠는 것 같아도","2208","https://www.clien.net//service/board/park/14634716?od=T31&po=7&category=&groupCd=","7"
"검찰 '코로나19'에도 나경원 자녀 입시비리 고발인 조사","1675","https://www.clien.net//service/board/park/14634714?od=T31&po=7&category=&groupCd=","7"
"방금 재난문자 왔네요.ㄷ","2005","https://www.clien.net//service/board/park/14634713?od=T31&po=7&category=&groupCd=","7"
"나 카페 사장인데 알바생들 알아서 하는거 없음.jpg","3641","https://www.clien.net//service/board/park/14634712?od=T31&po=7&category=&groupCd=","7"
"신상유출이라니 신도명단에 다 제출한거 아니요?","1026","https://www.clien.net//service/board/park/14634711?od=T31&po=7&category=&groupCd=","7"
"명륜진사갈비 한달치 월세 지원하기로했다네요","2514","https://www.clien.net//service/board/park/14634710?od=T31&po=7&category=&groupCd=","7"
"SSM..동네마트에서 마스크 입고라고 문자오네요..","1396","https://www.clien.net//service/board/park/14634709?od=T31&po=7&category=&groupCd=","7"
"코로나19 확진자 대구·경북 724명..전체 감염자 81%","1129","https://www.clien.net//service/board/park/14634708?od=T31&po=7&category=&groupCd=","7"
"회사가 신천지 근처입니다","660","https://www.clien.net//service/board/park/14634707?od=T31&po=7&category=&groupCd=","7"
"잊고 있었던 이분 만덕산.","2157","https://www.clien.net//service/board/park/14634705?od=T31&po=7&category=&groupCd=","7"
"포항에 방콕잘한 확진자가 있네요","4614","https://www.clien.net//service/board/park/14634702?od=T31&po=7&category=&groupCd=","7"
"지자체들 일 열심히 하네요.. (김포 5번째 확진자 동선 안내)","1132","https://www.clien.net//service/board/park/14634699?od=T31&po=8&category=&groupCd=","8"
"인터넷안되는 윈도우즈 vs 키보드없는 리눅스 vs 마우스/터치 안되는 맥os","848","https://www.clien.net//service/board/park/14634698?od=T31&po=8&category=&groupCd=","8"
"페북은 중국 봉쇄 안하고, 대구는 바로 봉쇄한다고 댓글천지네요 ㅠㅠ","1435","https://www.clien.net//service/board/park/14634697?od=T31&po=8&category=&groupCd=","8"
"왠지 서울도 불안하네요..","1045","https://www.clien.net//service/board/park/14634696?od=T31&po=8&category=&groupCd=","8"
"신천지 전원 명단 - 판도라 상자가 열림","6108","https://www.clien.net//service/board/park/14634694?od=T31&po=8&category=&groupCd=","8"
"방금 무서운 얘기를 들었습니다..","3003","https://www.clien.net//service/board/park/14634693?od=T31&po=8&category=&groupCd=","8"
"명성교x도 신천z급 일까요?","830","https://www.clien.net//service/board/park/14634692?od=T31&po=8&category=&groupCd=","8"
"신천지 ""성도 신상유출 피해사례 수집해 법적대응할 것""","2053","https://www.clien.net//service/board/park/14634691?od=T31&po=8&category=&groupCd=","8"
"신천지 교리의 종착점은 우수한 유전자겠군요","538","https://www.clien.net//service/board/park/14634690?od=T31&po=8&category=&groupCd=","8"
"트라우마로 성불능.gif","4141","https://www.clien.net//service/board/park/14634689?od=T31&po=8&category=&groupCd=","8"
"한 두명씩 정부탓하는 사람이 기어 나오니 답답하네요","1123","https://www.clien.net//service/board/park/14634688?od=T31&po=8&category=&groupCd=","8"
"춘장아 일 좀 해라~","1172","https://www.clien.net//service/board/park/14634687?od=T31&po=8&category=&groupCd=","8"
"후기)와 아파트 관리비 어이없네요(2)","4312","https://www.clien.net//service/board/park/14634686?od=T31&po=8&category=&groupCd=","8"
"30대 이상 남자는 개기름하고 피부색만 관리되면 그나마 훨씬 낫습니다","1469","https://www.clien.net//service/board/park/14634685?od=T31&po=8&category=&groupCd=","8"
"천안 코로나 확진자 동선","1730","https://www.clien.net//service/board/park/14634684?od=T31&po=8&category=&groupCd=","8"
"황교안, 종로서 방역 활동…'꼼꼼히 소독약 뿌리고 안전 살펴'","2060","https://www.clien.net//service/board/park/14634683?od=T31&po=8&category=&groupCd=","8"
"확진자 갱신이 두 자리 수가 되어서 너무 다행이에요","1346","https://www.clien.net//service/board/park/14634681?od=T31&po=8&category=&groupCd=","8"
"황교안, 종로서 방역 활동…'꼼꼼히 소독약 뿌리고 안전 살펴'","1033","https://www.clien.net//service/board/park/14634680?od=T31&po=8&category=&groupCd=","8"
"황모씨 행보는 정말 이해가 안가네요","1795","https://www.clien.net//service/board/park/14634679?od=T31&po=8&category=&groupCd=","8"
"황교안 근황","3420","https://www.clien.net//service/board/park/14634677?od=T31&po=8&category=&groupCd=","8"
"중국의 영상기술 2","2730","https://www.clien.net//service/board/park/14634674?od=T31&po=8&category=&groupCd=","8"
"어쎄신크리드 오딧세이 다시해야겟어요","753","https://www.clien.net//service/board/park/14634672?od=T31&po=8&category=&groupCd=","8"
"캐나다 토론토에도 신천지교회가 있았네요","740","https://www.clien.net//service/board/park/14634670?od=T31&po=8&category=&groupCd=","8"
"무인도 조난시 필수품.gif","4779","https://www.clien.net//service/board/park/14634669?od=T31&po=8&category=&groupCd=","8"
"남해서 확진자 첫 발생","1455","https://www.clien.net//service/board/park/14634668?od=T31&po=8&category=&groupCd=","8"
"홍콩 친중파 진영, '국가보안법' 추진 온라인 서명운동","651","https://www.clien.net//service/board/park/14634667?od=T31&po=8&category=&groupCd=","8"
"재택근무 들어갔습니다;;;","970","https://www.clien.net//service/board/park/14634666?od=T31&po=8&category=&groupCd=","8"
"일부사람들은 뭐가 먼저인지를 모르는것 같아요.","635","https://www.clien.net//service/board/park/14634665?od=T31&po=8&category=&groupCd=","8"
"[단독] 신천지 '마지막 보루' 위장문화센터는 숨겼다","3951","https://www.clien.net//service/board/park/14634663?od=T31&po=8&category=&groupCd=","8"
"제몸 제가 챙겨야죠","373","https://www.clien.net//service/board/park/14634662?od=T31&po=8&category=&groupCd=","8"
"콧물감기는 코로나19 아니죠??","1153","https://www.clien.net//service/board/park/14634660?od=T31&po=9&category=&groupCd=","9"
"눈 다 치워따~!.gif","2454","https://www.clien.net//service/board/park/14634658?od=T31&po=9&category=&groupCd=","9"
"회사 근처 모 식당건물에 신천지가 쓰던 공간이 있네요","1131","https://www.clien.net//service/board/park/14634655?od=T31&po=9&category=&groupCd=","9"
"중국의 영상기술.gif","4590","https://www.clien.net//service/board/park/14634653?od=T31&po=9&category=&groupCd=","9"
"주작이겠죠? ㄷㄷ","2701","https://www.clien.net//service/board/park/14634651?od=T31&po=9&category=&groupCd=","9"
"가끔은 말인데 정말 가끔 잘 생겨보일때가 있지 않나요","474","https://www.clien.net//service/board/park/14634650?od=T31&po=9&category=&groupCd=","9"
"미래통합당=신천지.jpg","3729","https://www.clien.net//service/board/park/14634646?od=T31&po=9&category=&groupCd=","9"
"아마존 웨어하우스 에서 사시당했네요;;","1794","https://www.clien.net//service/board/park/14634643?od=T31&po=9&category=&groupCd=","9"
"오늘자 구속된 빤목사님 속마음.jpg","4684","https://www.clien.net//service/board/park/14634642?od=T31&po=9&category=&groupCd=","9"
"코로나 관련 가짜뉴스 유포자 검거","1828","https://www.clien.net//service/board/park/14634641?od=T31&po=9&category=&groupCd=","9"
"아씨.. 와이프한테 '내 종교는 너, xxx야~' 라고 보냈더니....","4471","https://www.clien.net//service/board/park/14634640?od=T31&po=9&category=&groupCd=","9"
"9살 딸아이와 함께하는 즐거운 일주일!!","1517","https://www.clien.net//service/board/park/14634638?od=T31&po=9&category=&groupCd=","9"
"명성교회 근황.txt","4986","https://www.clien.net//service/board/park/14634637?od=T31&po=9&category=&groupCd=","9"
"병원도 환자가 없더군요.","759","https://www.clien.net//service/board/park/14634636?od=T31&po=9&category=&groupCd=","9"
"열일하는 대구MBC가 전하는 걱정되는 뉴스","4743","https://www.clien.net//service/board/park/14634634?od=T31&po=9&category=&groupCd=","9"
"레노버 미니PC는 무슨 마샘인가봐요..","2383","https://www.clien.net//service/board/park/14634633?od=T31&po=9&category=&groupCd=","9"
"조장혁 손절합니다.","6782","https://www.clien.net//service/board/park/14634632?od=T31&po=9&category=&groupCd=","9"
"지역 신천지교회 '명단제공 지시 못받았다'","1991","https://www.clien.net//service/board/park/14634631?od=T31&po=9&category=&groupCd=","9"
"대구교회 권사가 신천지 신도였다네요 ㄷㄷ","5529","https://www.clien.net//service/board/park/14634630?od=T31&po=9&category=&groupCd=","9"
"개신교 분들 하지 말라면 하지 마세요.","2523","https://www.clien.net//service/board/park/14634629?od=T31&po=9&category=&groupCd=","9"
"(덧붙임)이 상황에도 건물주는 전혀 손해 보지 않겠죠...?","1983","https://www.clien.net//service/board/park/14634627?od=T31&po=9&category=&groupCd=","9"
"신천지 자원봉사 '찾아가는 건강닥터' ㄷㄷㄷ","3432","https://www.clien.net//service/board/park/14634625?od=T31&po=9&category=&groupCd=","9"
"입국금지하는건 능력 없다고 얘기히는거 아닌가요??","1157","https://www.clien.net//service/board/park/14634623?od=T31&po=9&category=&groupCd=","9"
"왠지 정부 대응책 신천지에 넘길 거 같음..","2148","https://www.clien.net//service/board/park/14634622?od=T31&po=9&category=&groupCd=","9"
"환구시보 '신천지는 사교.. 우한에 마수 뻗치려다 쫓겨나'","2439","https://www.clien.net//service/board/park/14634621?od=T31&po=9&category=&groupCd=","9"
"메모가 풍년입니다.","655","https://www.clien.net//service/board/park/14634619?od=T31&po=9&category=&groupCd=","9"
"천안 확진자 정보 얻으려고 충남도청 홈피들어가려하는데...","1205","https://www.clien.net//service/board/park/14634618?od=T31&po=9&category=&groupCd=","9"
"청송교도소 교도관, 코로나 확진…대구 신천지 교인","2003","https://www.clien.net//service/board/park/14634617?od=T31&po=9&category=&groupCd=","9"
"와 일하는데 근처에 신천지가 모이는데가 잇나보네요","1106","https://www.clien.net//service/board/park/14634616?od=T31&po=9&category=&groupCd=","9"
